index	searchurl	r_link	r_description	r_title	r_image	r_price	r_seller	specs	sku	s_itemname	s_mpn	brand	s_manufacturer	cost	gpm	floorprice	s_price	shipping	saleprice	s_category	s_product_url	s_image_url	map_enforced	map	s_gtin	s_upc	s_asin	s_variant_info	search_key	keywords	clientid	client	encoded_keyword	sku_id	freq	price_lower	price_upper	l3.1	NameMatchScore	l2.1	l4.1	l5.1	l6.1	l2.2	l4.2	l5.2	l6.2	l7	score	id
3	https://www.amazon.com/s/ref=nb_sb_noss?url=search-alias%3Daps&field-keywords=096644032491	https://www.amazon.com/gp/offer-listing/B0013VC2NI/ref=olp_f_new?ie=UTF8&f_new=true		"Classic Crest Super Smooth Solar White 80# Cover 8.5""x11"" 250/pack"	https://images-na.ssl-images-amazon.com/images/I/51jjqGq3OuL._AC_US218_.jpg	$ 36 50	Classic Crest	https://www.amazon.com/gp/offer-listing/B0013VC2NI/ref=olp_f_new?ie=UTF8&f_new=true	3-03249-F-P	CLASSIC CREST Solar White Card Stock - 8 1/2 x 11 in 80 lb Cover Super Smooth 250 per Package				14.31		28.376	35.47				https://www.thepapermillstore.com/classic-crest-solar-white-card-stock-8-1-2-x-11-in-80-lb-cover-super-smooth-250-per-package.html	https://www.thepapermillstore.com/media/catalog/product/c/l/classic-crest-solar-white-card-stock-super-smooth.jpg			00096644032491	096644032491			UPC	096644032491	0	TPMS	096644032491	3	1	36.50	nan	0	0.4933038151102515	0	0	0	0	0	0	0	0	0	0	1
4	https://www.amazon.com/s/ref=nb_sb_noss?url=search-alias%3Daps&field-keywords=096644038196	https://www.amazon.com/gp/offer-listing/B000I4PX14/ref=olp_f_new?ie=UTF8&f_new=true		"Classic Crest Natural White 80# Cover 8.5""x11"" 250/pack"	https://images-na.ssl-images-amazon.com/images/I/41kUt-RF5BL._AC_US218_.jpg	$ 39 00	Classic Crest	https://www.amazon.com/gp/offer-listing/B000I4PX14/ref=olp_f_new?ie=UTF8&f_new=true	3-03819-F-P	CLASSIC CREST Classic Natural White Card Stock - 8 1/2 x 11 in 80 lb Cover Smooth 250 per Package				13.81		27.576	34.47				https://www.thepapermillstore.com/classic-crest-classic-natural-white-card-stock-8-1-2-x-11-in-80-lb-cover-smooth-250-per-package.html	https://www.thepapermillstore.com/media/catalog/product/c/l/classic-crest-classic-natural-white-card-stock-smooth.jpg			00096644038196	096644038196			UPC	096644038196	0	TPMS	096644038196	4	1	39.00	nan	0	0.4495718844661228	0	0	0	0	0	0	0	0	0	0	2
5	https://www.amazon.com/s/ref=nb_sb_noss?url=search-alias%3Daps&field-keywords=096644047013	https://www.amazon.com/gp/offer-listing/B000I20NWK/ref=olp_f_new?ie=UTF8&f_new=true		"Classic Crest Solar White 80# Cover 8.5""x11"" 250/pack"	https://images-na.ssl-images-amazon.com/images/I/41kUt-RF5BL._AC_US218_.jpg	$ 42 00	Classic Crest	https://www.amazon.com/gp/offer-listing/B000I20NWK/ref=olp_f_new?ie=UTF8&f_new=true	3-04701-F-P	CLASSIC CREST Solar White Card Stock - 8 1/2 x 11 in 80 lb Cover Smooth 250 per Package				14.31		28.376	35.47				https://www.thepapermillstore.com/classic-crest-solar-white-card-stock-8-1-2-x-11-in-80-lb-cover-smooth-250-per-package.html	https://www.thepapermillstore.com/media/catalog/product/c/l/classic-crest-solar-white-card-stock-smooth.jpg			00096644047013	096644047013			UPC	096644047013	0	TPMS	096644047013	5	1	42.00	nan	0	0.4222331473157364	0	0	0	0	0	0	0	0	0	0	3
35	https://www.amazon.com/s/ref=nb_sb_noss?url=search-alias%3Daps&field-keywords=843855000357	https://www.amazon.com/gp/offer-listing/B003152DTW/ref=olp_f_new?ie=UTF8&f_new=true		Mohawk Color Copy 98 Paper Smooth Finish 98-bright, 28 lb, 8.5 x 11 Inch, 500 Sheets/Ream - Sold as 1 Ream, Bright White Shade (12-203)	https://images-na.ssl-images-amazon.com/images/I/61Fdz6jtDsL._AC_US218_.jpg	$ 11 23	Mohawk Home	https://www.amazon.com/Mohawk-Smooth-Finish-98-bright-Sheets/dp/B003152DTW/ref=olp_f_new?ie=UTF8&f_new=true	3-12-203-P	Color Copy 98 Bright White Paper - 8 1/2 x 11 in 28 lb Writing 500 per Ream				6.86		16.776	20.97				https://www.thepapermillstore.com/color-copy-98-bright-white-paper-8-1-2-x-11-in-28-lb-writing-500-per-ream.html	https://www.thepapermillstore.com/media/catalog/product/c/o/color-copy-98-bright-white-card-stock-b.jpg			00843855000357	843855000357			UPC	843855000357	0	TPMS	843855000357	35	1	11.23	nan	0	0.6136542225918659	0	0	0	0	0	0	0	0	0	0	4
79	https://www.amazon.com/s/ref=nb_sb_noss?url=search-alias%3Daps&field-keywords=843855000357	https://www.amazon.com/gp/offer-listing/B00BT2LX36/ref=olp_f_new?ie=UTF8&f_new=true		Mohawk High Performance Color Copy Paper	https://images-na.ssl-images-amazon.com/images/I/61snAqAMfSL._AC_US218_.jpg	$ 24 34	Mohawk Home	https://www.amazon.com/gp/offer-listing/B00BT2LX36/ref=olp_f_new?ie=UTF8&f_new=true	3-12-203-P	Color Copy 98 Bright White Paper - 8 1/2 x 11 in 28 lb Writing 500 per Ream				6.86		16.776	20.97				https://www.thepapermillstore.com/color-copy-98-bright-white-paper-8-1-2-x-11-in-28-lb-writing-500-per-ream.html	https://www.thepapermillstore.com/media/catalog/product/c/o/color-copy-98-bright-white-card-stock-b.jpg			00843855000357	843855000357			UPC	843855000357	0	TPMS	843855000357	35	1	24.34	nan	0	0.18750311496760091	0	0	0	0	0	0	0	0	0	0	5
60	https://www.amazon.com/s/ref=nb_sb_noss?url=search-alias%3Daps&field-keywords=843855000357	https://www.amazon.com/gp/offer-listing/B00BCMZARI/ref=olp_f_new?ie=UTF8&f_new=true		MOW12203 UNITED STATIONERS (OP) PAPER,COLOR CPY 98,BRW	https://images-na.ssl-images-amazon.com/images/I/51LDit5Rc+L._AC_US218_.jpg	$ 18 57	Unknown	https://www.amazon.com/MOW12203-UNITED-STATIONERS-PAPER-COLOR/dp/B00BCMZARI/ref=olp_f_new?ie=UTF8&f_new=true	3-12-203-P	Color Copy 98 Bright White Paper - 8 1/2 x 11 in 28 lb Writing 500 per Ream				6.86		16.776	20.97				https://www.thepapermillstore.com/color-copy-98-bright-white-paper-8-1-2-x-11-in-28-lb-writing-500-per-ream.html	https://www.thepapermillstore.com/media/catalog/product/c/o/color-copy-98-bright-white-card-stock-b.jpg			00843855000357	843855000357			UPC	843855000357	0	TPMS	843855000357	35	1	18.57	nan	0	0.14535985300861148	0	0	0	0	0	0	0	0	0	0	6
80	https://www.amazon.com/s/ref=nb_sb_noss?url=search-alias%3Daps&field-keywords=843855000579	https://www.amazon.com/gp/offer-listing/B00TBN8OF0/ref=olp_f_new?ie=UTF8&f_new=true		Copier 98 Cover, 80 lbs., 8-1/2 x 11, Bright White, 250 Sheets/Pack	https://images-na.ssl-images-amazon.com/images/I/41FoEWhkSwL._AC_US218_.jpg	$ 25 33	Reg	https://www.amazon.com/gp/offer-listing/B00TBN8OF0/ref=olp_f_new?ie=UTF8&f_new=true	3-12-214-P	Color Copy 98 Bright White Card Stock - 8 1/2 x 11 in 80 lb Cover 250 per Package				7.19		16.776	20.97				https://www.thepapermillstore.com/color-copy-98-bright-white-card-stock-8-1-2-x-11-in-80-lb-cover-250-per-package.html	https://www.thepapermillstore.com/media/catalog/product/c/o/color-copy-98-bright-white-card-stock-b.jpg			00843855000579	843855000579			UPC	843855000579	0	TPMS	843855000579	36	1	25.33	nan	0	0.6059671415042285	0	0	0	0	0	0	0	0	0	0	7
61	https://www.amazon.com/s/ref=nb_sb_noss?url=search-alias%3Daps&field-keywords=843855000579	https://www.amazon.com/gp/offer-listing/B00Q4KJM72/ref=olp_f_new?ie=UTF8&f_new=true		Mohawk 12214 Copier 98 Cover, 80lb, 8-1/2 x 11, Bright White, 250 Sheets	https://images-na.ssl-images-amazon.com/images/I/61Cof07hZeL._AC_US218_.jpg	$ 21 44	MOT5	https://www.amazon.com/gp/offer-listing/B00Q4KJM72/ref=olp_f_new?ie=UTF8&f_new=true	3-12-214-P	Color Copy 98 Bright White Card Stock - 8 1/2 x 11 in 80 lb Cover 250 per Package				7.19		16.776	20.97				https://www.thepapermillstore.com/color-copy-98-bright-white-card-stock-8-1-2-x-11-in-80-lb-cover-250-per-package.html	https://www.thepapermillstore.com/media/catalog/product/c/o/color-copy-98-bright-white-card-stock-b.jpg			00843855000579	843855000579			UPC	843855000579	0	TPMS	843855000579	36	1	21.44	nan	0	0.5751083760417057	0	0	0	0	0	0	0	0	0	0	8
36	https://www.amazon.com/s/ref=nb_sb_noss?url=search-alias%3Daps&field-keywords=843855000579	https://www.amazon.com/gp/offer-listing/B0017KYN82/ref=olp_f_new?ie=UTF8&f_new=true		"Mohawk Copier 98 Cover, 80 lb, 8-1/2"" x 11"", Bright White, 250 Sheets/Pack (MOW12214)"	https://images-na.ssl-images-amazon.com/images/I/61Cof07hZeL._AC_US218_.jpg	$ 17 43	Mohawk Home	https://www.amazon.com/gp/offer-listing/B0017KYN82/ref=olp_f_new?ie=UTF8&f_new=true	3-12-214-P	Color Copy 98 Bright White Card Stock - 8 1/2 x 11 in 80 lb Cover 250 per Package				7.19		16.776	20.97				https://www.thepapermillstore.com/color-copy-98-bright-white-card-stock-8-1-2-x-11-in-80-lb-cover-250-per-package.html	https://www.thepapermillstore.com/media/catalog/product/c/o/color-copy-98-bright-white-card-stock-b.jpg			00843855000579	843855000579			UPC	843855000579	0	TPMS	843855000579	36	1	17.43	nan	0	0.5485297816691115	0	0	0	0	0	0	0	0	0	0	9
62	https://www.amazon.com/s/ref=nb_sb_noss?url=search-alias%3Daps&field-keywords=843855000616	https://www.amazon.com/gp/offer-listing/B01NCW5ODT/ref=olp_f_new?ie=UTF8&f_new=true		Mohawk Copier 98 Cover, 80 lbs, 18 x 12, Bright White, 250 Sheets/Pack	https://images-na.ssl-images-amazon.com/images/I/61dsqYcokWL._AC_US218_.jpg	$ 43 36	Mohawk Home	https://www.amazon.com/gp/offer-listing/B01NCW5ODT/ref=olp_f_new?ie=UTF8&f_new=true	3-12-216-P	Color Copy 98 Bright White Card Stock - 18 x 12 in 80 lb Cover 250 per Package				16.12		33.576	41.97				https://www.thepapermillstore.com/color-copy-98-bright-white-card-stock-18-x-12-in-80-lb-cover-250-per-package.html	https://www.thepapermillstore.com/media/catalog/product/c/o/color-copy-98-bright-white-card-stock-b.jpg			00843855000616	843855000616			UPC	843855000616	0	TPMS	843855000616	37	1	43.36	nan	0	0.5301339932379163	0	0	0	0	0	0	0	0	0	0	10
37	https://www.amazon.com/s/ref=nb_sb_noss?url=search-alias%3Daps&field-keywords=843855000616	https://www.amazon.com/gp/offer-listing/B009R4YFEW/ref=olp_f_new?ie=UTF8&f_new=true		"Mohawk Copier 98 Cover, 18"" x 12"", 250 Pack, Bright White (MOW12216)"	https://images-na.ssl-images-amazon.com/images/I/61QCN5N87qL._AC_US218_.jpg	$ 33 12	Mohawk Home	https://www.amazon.com/gp/offer-listing/B009R4YFEW/ref=olp_f_new?ie=UTF8&f_new=true	3-12-216-P	Color Copy 98 Bright White Card Stock - 18 x 12 in 80 lb Cover 250 per Package				16.12		33.576	41.97				https://www.thepapermillstore.com/color-copy-98-bright-white-card-stock-18-x-12-in-80-lb-cover-250-per-package.html	https://www.thepapermillstore.com/media/catalog/product/c/o/color-copy-98-bright-white-card-stock-b.jpg			00843855000616	843855000616			UPC	843855000616	0	TPMS	843855000616	37	1	33.12	nan	0	0.4294108566340556	0	0	0	0	0	0	0	0	0	0	11
38	https://www.amazon.com/s/ref=nb_sb_noss?url=search-alias%3Daps&field-keywords=843855019151	https://www.amazon.com/gp/offer-listing/B008845GVI/ref=olp_f_new?ie=UTF8&f_new=true		Mohawk Color Copy 8.5 x 11 100 lb Cover	https://images-na.ssl-images-amazon.com/images/I/21A7aij-00L._AC_US218_.jpg	$ 30 75	Mohawk Home	https://www.amazon.com/gp/offer-listing/B008845GVI/ref=olp_f_new?ie=UTF8&f_new=true	3-12-220-P	Color Copy 98 Bright White Card Stock - 8 1/2 x 11 in 100 lb Cover 250 per Package				8.99		20.776	25.97				https://www.thepapermillstore.com/color-copy-98-bright-white-card-stock-8-1-2-x-11-in-100-lb-cover-250-per-package.html	https://www.thepapermillstore.com/media/catalog/product/c/o/color-copy-98-bright-white-card-stock-b.jpg			00843855019151	843855019151			UPC	843855019151	0	TPMS	843855019151	38	1	30.75	nan	0	0.4557948788159228	0	0	0	0	0	0	0	0	0	0	12
51	https://www.amazon.com/s/ref=nb_sb_noss?url=search-alias%3Daps&field-keywords=759598218693	https://www.amazon.com/gp/offer-listing/B073Y15B72/ref=olp_f_new?ie=UTF8&f_new=true		Neenah Paper Astrobrights Colored Card Stock, 65 lb, 8-1/2 x 11, Vulcan Green, 250 Sheets	https://images-na.ssl-images-amazon.com/images/I/41pwpIRw3XL._AC_US218_.jpg	$ 11 29	Neenah	https://www.amazon.com/Neenah-Astrobrights-Colored-Vulcan-Sheets/dp/B073Y15B72/ref=olp_f_new?ie=UTF8&f_new=true	3-21869-F-P	Astrobrights Vulcan Green Card Stock - 8 1/2 x 11 in 65 lb Cover Smooth 250 per Package				6.8		12.776	15.97				https://www.thepapermillstore.com/astrobrights-vulcan-green-card-stock-8-1-2-x-11-in-65-lb-cover-smooth-250-per-package.html	https://www.thepapermillstore.com/media/catalog/product/a/s/astrobrights-vulcan-green-card-stock-smooth.jpg			00759598218693	759598218693			UPC	759598218693	0	TPMS	759598218693	16	1	11.29	nan	0	0.6536225502158088	0	0	0	0	0	0	0	0	0	0	13
16	https://www.amazon.com/s/ref=nb_sb_noss?url=search-alias%3Daps&field-keywords=759598218693	https://www.amazon.com/gp/offer-listing/B006JSSECS/ref=olp_f_new?ie=UTF8&f_new=true		Wausau 21869 Astrobrights Colored Cardstock, 8.5 x 11, 65 lb/176 gsm, Vulcan Green, 250 Sheets	https://images-na.ssl-images-amazon.com/images/I/41eEtfM5BLL._AC_US218_.jpg	$ 11 29	Neenah	https://www.amazon.com/gp/offer-listing/B006JSSECS/ref=olp_f_new?ie=UTF8&f_new=true	3-21869-F-P	Astrobrights Vulcan Green Card Stock - 8 1/2 x 11 in 65 lb Cover Smooth 250 per Package				6.8		12.776	15.97				https://www.thepapermillstore.com/astrobrights-vulcan-green-card-stock-8-1-2-x-11-in-65-lb-cover-smooth-250-per-package.html	https://www.thepapermillstore.com/media/catalog/product/a/s/astrobrights-vulcan-green-card-stock-smooth.jpg			00759598218693	759598218693			UPC	759598218693	0	TPMS	759598218693	16	1	11.29	nan	0	0.3782386368933353	0	0	0	0	0	0	0	0	0	0	14
1	https://www.amazon.com/s/ref=nb_sb_noss?url=search-alias%3Daps&field-keywords=031619221289	https://www.amazon.com/gp/offer-listing/B00BJWXIEI/ref=olp_f_new?ie=UTF8&f_new=true		CRANE'S LETTRA Pearl White Paper - 8 1/2 x 11 in 220 lb Cover DT Lettra 100% Cotton 200 per Carton	https://images-na.ssl-images-amazon.com/images/I/31WXQawMCRL._AC_US218_.jpg		Neenah Paper CRANE'S LETTRA	https://www.amazon.com/CRANES-LETTRA-Pearl-White-Paper/dp/B00BJWXIEI/ref=olp_f_new?ie=UTF8&f_new=true	3-22128-P	CRANE'S LETTRA Pearl White Paper - 8 1/2 x 11 in 220 lb Cover DT Lettra  100% Cotton 50 per Package				32.68		55.976	69.97				https://www.thepapermillstore.com/crane-s-lettra-pearl-white-paper-8-1-2-x-11-in-220-lb-cover-dt-lettra-100-cotton-50-per-package.html	https://www.thepapermillstore.com/media/catalog/product/c/r/cranes-lettra-pearl-white-card-stock.jpg			00031619221289	031619221289			UPC	031619221289	0	TPMS	031619221289	1	1	nan	nan	0	0.8350499057520983	0	0	0	0	0	0	0	0	0	0	15
14	https://www.amazon.com/s/ref=nb_sb_noss?url=search-alias%3Daps&field-keywords=759598215821	https://www.amazon.com/gp/offer-listing/B001EQ662A/ref=olp_f_new?ie=UTF8&f_new=true		Wausau Astrobrights Heavy Duty Paper, 24 lb, 8.5 x 14 Inches, Terra Green, 500 Sheets (22582)	https://images-na.ssl-images-amazon.com/images/I/51Ys4oN4E5L._AC_US218_.jpg	$ 19 99	Neenah	https://www.amazon.com/gp/offer-listing/B001EQ662A/ref=olp_f_new?ie=UTF8&f_new=true	3-22582-F-P	Astrobrights Terra Green Paper - 8 1/2 x 14 in 60 lb Text Smooth 500 per Ream				8.75		19.176	23.97				https://www.thepapermillstore.com/astrobrights-terra-green-paper-8-1-2-x-14-in-60-lb-text-smooth-500-per-ream.html	https://www.thepapermillstore.com/media/catalog/product/a/s/astrobrights-terra-green-card-stock-smooth.jpg			00759598215821	759598215821			UPC	759598215821	0	TPMS	759598215821	14	1	19.99	nan	0	0.3957488095538141	0	0	0	0	0	0	0	0	0	0	16
15	https://www.amazon.com/s/ref=nb_sb_noss?url=search-alias%3Daps&field-keywords=759598218518	https://www.amazon.com/gp/offer-listing/B000095JB5/ref=olp_f_new?ie=UTF8&f_new=true		Neenah Astrobrights Premium Color Card Stock, 65 lb, 8.5 x 11 Inches, 250 Sheets, Cosmic Orange	https://images-na.ssl-images-amazon.com/images/I/41AcTjtRyCL._AC_US218_.jpg	$ 16 29	Neenah	https://www.amazon.com/gp/offer-listing/B000095JB5/ref=olp_f_new?ie=UTF8&f_new=true	3-22851-F-P	Astrobrights Cosmic Orange Card Stock - 8 1/2 x 11 in 65 lb Cover Smooth 250 per Package				6.8		15.976	19.97				https://www.thepapermillstore.com/astrobrights-cosmic-orange-card-stock-8-1-2-x-11-in-65-lb-cover-smooth-250-per-package.html	https://www.thepapermillstore.com/media/catalog/product/a/s/astrobrights-cosmic-orange-card-stock-smooth.jpg			00759598218518	759598218518			UPC	759598218518	0	TPMS	759598218518	15	1	16.29	nan	0	0.5036167033037248	0	0	0	0	0	0	0	0	0	0	17
72	https://www.amazon.com/s/ref=nb_sb_noss?url=search-alias%3Daps&field-keywords=759598218518	https://www.amazon.com/gp/offer-listing/B0032JUP9M/ref=olp_f_new?ie=UTF8&f_new=true		Wausau Paper Astrobrights Colored Card Stock PAPER,LTR 250SH 65#,FOE (Pack of5)	https://images-na.ssl-images-amazon.com/images/I/41+1ktzKjtL._AC_US218_.jpg	$ 24 52	Wausau	https://www.amazon.com/gp/offer-listing/B0032JUP9M/ref=olp_f_new?ie=UTF8&f_new=true	3-22851-F-P	Astrobrights Cosmic Orange Card Stock - 8 1/2 x 11 in 65 lb Cover Smooth 250 per Package				6.8		15.976	19.97				https://www.thepapermillstore.com/astrobrights-cosmic-orange-card-stock-8-1-2-x-11-in-65-lb-cover-smooth-250-per-package.html	https://www.thepapermillstore.com/media/catalog/product/a/s/astrobrights-cosmic-orange-card-stock-smooth.jpg			00759598218518	759598218518			UPC	759598218518	0	TPMS	759598218518	15	1	24.52	nan	0	0.18706516325487862	0	0	0	0	0	0	0	0	0	0	18
50	https://www.amazon.com/s/ref=nb_sb_noss?url=search-alias%3Daps&field-keywords=759598218518	https://www.amazon.com/gp/offer-listing/B0079LAJFO/ref=olp_f_new?ie=UTF8&f_new=true		Wausau Heavyweight Cardstock Paper	https://images-na.ssl-images-amazon.com/images/I/41+YGmZrbqL._AC_US218_.jpg	$ 16 29	Wausau	https://www.amazon.com/gp/offer-listing/B0079LAJFO/ref=olp_f_new?ie=UTF8&f_new=true	3-22851-F-P	Astrobrights Cosmic Orange Card Stock - 8 1/2 x 11 in 65 lb Cover Smooth 250 per Package				6.8		15.976	19.97				https://www.thepapermillstore.com/astrobrights-cosmic-orange-card-stock-8-1-2-x-11-in-65-lb-cover-smooth-250-per-package.html	https://www.thepapermillstore.com/media/catalog/product/a/s/astrobrights-cosmic-orange-card-stock-smooth.jpg			00759598218518	759598218518			UPC	759598218518	0	TPMS	759598218518	15	1	16.29	nan	0	0.0	0	0	0	0	0	0	0	0	0	0	19
17	https://www.amazon.com/s/ref=nb_sb_noss?url=search-alias%3Daps&field-keywords=759598261217	https://www.amazon.com/gp/offer-listing/B000X1OVDS/ref=olp_f_new?ie=UTF8&f_new=true		Natural Astroparche Text	https://images-na.ssl-images-amazon.com/images/I/3184yXLg7fL._AC_US218_.jpg	$ 34 42	Astroparche	https://www.amazon.com/gp/offer-listing/B000X1OVDS/ref=olp_f_new?ie=UTF8&f_new=true	3-27121-F-P	Astroparche Natural Paper - 8 1/2 x 11 in 60 lb Text Vellum  30% Recycled 500 per Ream				9.23		19.976	24.97				https://www.thepapermillstore.com/astroparche-natural-paper-8-1-2-x-11-in-60-lb-text-vellum-30-recycled-500-per-ream.html	https://www.thepapermillstore.com/media/catalog/product/a/s/astroparche-natural-card-stock-vellum.jpg			00759598261217	759598261217			UPC	759598261217	0	TPMS	759598261217	17	1	34.42	nan	0	0.32342695799519183	0	0	0	0	0	0	0	0	0	0	20
18	https://www.amazon.com/s/ref=nb_sb_noss?url=search-alias%3Daps&field-keywords=759598296967	https://www.amazon.com/gp/offer-listing/B00H88VZLK/ref=olp_f_new?ie=UTF8&f_new=true		"Royal 25% Cotton Business Paper, 8.5"" x 11"", 24 lb., Bright White, 96 Brightness, 500 Sheets (29696)"	https://images-na.ssl-images-amazon.com/images/I/419pujxs43L._AC_US218_.jpg	$ 22 99	Neenah	https://www.amazon.com/Cotton-Business-Bright-Brightness-29696/dp/B00H88VZLK/ref=olp_f_new?ie=UTF8&f_new=true	3-29696-F-P	Royal Cotton Bright White Paper - 8 1/2 x 11 in 24 lb Writing Light Cockle  30% Recycled  25% Cotton Watermarked 500 per Ream				10.11		22.376	27.97				https://www.thepapermillstore.com/royal-cotton-bright-white-paper-8-1-2-x-11-in-24-lb-writing-light-cockle-30-recycled-25-cotton-watermarked-500-per-ream.html	https://www.thepapermillstore.com/media/catalog/product/r/o/royal-cotton-natural-card-stock-light-cockle.jpg			00759598296967	759598296967			UPC	759598296967	0	TPMS	759598296967	18	1	22.99	nan	0	0.49027622885962735	0	0	0	0	0	0	0	0	0	0	21
81	https://www.amazon.com/s/ref=nb_sb_noss?url=search-alias%3Daps&field-keywords=843855158607	https://www.amazon.com/gp/offer-listing/B00GPLXSM0/ref=olp_f_new?ie=UTF8&f_new=true		Color Copy Gloss Paper 94 Brightness 32lb 8 1/2 x 11 Pure White 500 Shts/Rm	https://images-na.ssl-images-amazon.com/images/I/61U1ktFvQ3L._AC_US218_.jpg	$ 24 01	Strathmore	https://www.amazon.com/gp/offer-listing/B00GPLXSM0/ref=olp_f_new?ie=UTF8&f_new=true	3-36-201-P	Color Copy Gloss Pure White Paper - 8 1/2 x 11 in 32 lb Writing Glossy C/2S 500 per Ream				8.26		17.576	21.97				https://www.thepapermillstore.com/color-copy-gloss-pure-white-paper-8-1-2-x-11-in-32-lb-writing-glossy-c-2s-500-per-ream.html	https://www.thepapermillstore.com/media/catalog/product/c/o/color-copy-gloss-pure-white-paper-writing-glossy.jpg			00843855158607	843855158607			UPC	843855158607	0	TPMS	843855158607	40	1	24.01	nan	0	0.6182560460247372	0	0	0	0	0	0	0	0	0	0	22
63	https://www.amazon.com/s/ref=nb_sb_noss?url=search-alias%3Daps&field-keywords=843855158607	https://www.amazon.com/gp/offer-listing/B00TBUVW9I/ref=olp_f_new?ie=UTF8&f_new=true		- Copier Gloss Paper, 94 Brightness, 32lb, 8-1/2 x 11, Pure White, 500 Shts/Rm	https://images-na.ssl-images-amazon.com/images/I/41hZ0hp77tL._AC_US218_.jpg	$ 20 00	MOT4	https://www.amazon.com/gp/offer-listing/B00TBUVW9I/ref=olp_f_new?ie=UTF8&f_new=true	3-36-201-P	Color Copy Gloss Pure White Paper - 8 1/2 x 11 in 32 lb Writing Glossy C/2S 500 per Ream				8.26		17.576	21.97				https://www.thepapermillstore.com/color-copy-gloss-pure-white-paper-8-1-2-x-11-in-32-lb-writing-glossy-c-2s-500-per-ream.html	https://www.thepapermillstore.com/media/catalog/product/c/o/color-copy-gloss-pure-white-paper-writing-glossy.jpg			00843855158607	843855158607			UPC	843855158607	0	TPMS	843855158607	40	1	20.00	nan	0	0.5176672157296515	0	0	0	0	0	0	0	0	0	0	23
87	https://www.amazon.com/s/ref=nb_sb_noss?url=search-alias%3Daps&field-keywords=843855158607	https://www.amazon.com/gp/offer-listing/B00TBNMQK4/ref=olp_f_new?ie=UTF8&f_new=true		- Copier Gloss Paper, 94 Brightness, 32lb, 8-1/2 x 11, Pure White, 500 Shts/Rm	https://images-na.ssl-images-amazon.com/images/I/41hZ0hp77tL._AC_US218_.jpg	$ 19 24	Reg	https://www.amazon.com/Copier-Gloss-Paper-Brightness-White/dp/B00TBNMQK4/ref=olp_f_new?ie=UTF8&f_new=true	3-36-201-P	Color Copy Gloss Pure White Paper - 8 1/2 x 11 in 32 lb Writing Glossy C/2S 500 per Ream				8.26		17.576	21.97				https://www.thepapermillstore.com/color-copy-gloss-pure-white-paper-8-1-2-x-11-in-32-lb-writing-glossy-c-2s-500-per-ream.html	https://www.thepapermillstore.com/media/catalog/product/c/o/color-copy-gloss-pure-white-paper-writing-glossy.jpg			00843855158607	843855158607			UPC	843855158607	0	TPMS	843855158607	40	1	19.24	nan	0	0.5176672157296515	0	0	0	0	0	0	0	0	0	0	24
40	https://www.amazon.com/s/ref=nb_sb_noss?url=search-alias%3Daps&field-keywords=843855158607	https://www.amazon.com/gp/offer-listing/B00ED3IXRC/ref=olp_f_new?ie=UTF8&f_new=true		Mohawk Color Copy Gloss Paper 96-Bright Pure White Shade, 32 lb 8.5 x 11 Inches 500 Sheets/Ream - Sold as 1 Ream (36-201)	https://images-na.ssl-images-amazon.com/images/I/61x0H6-gXLL._AC_US218_.jpg		Mohawk Home	https://www.amazon.com/Mohawk-Color-96-Bright-Inches-Sheets/dp/B00ED3IXRC/ref=olp_f_new?ie=UTF8&f_new=true	3-36-201-P	Color Copy Gloss Pure White Paper - 8 1/2 x 11 in 32 lb Writing Glossy C/2S 500 per Ream				8.26		17.576	21.97				https://www.thepapermillstore.com/color-copy-gloss-pure-white-paper-8-1-2-x-11-in-32-lb-writing-glossy-c-2s-500-per-ream.html	https://www.thepapermillstore.com/media/catalog/product/c/o/color-copy-gloss-pure-white-paper-writing-glossy.jpg			00843855158607	843855158607			UPC	843855158607	0	TPMS	843855158607	40	1	nan	nan	0	0.45322667866221833	0	0	0	0	0	0	0	0	0	0	25
64	https://www.amazon.com/s/ref=nb_sb_noss?url=search-alias%3Daps&field-keywords=843855158621	https://www.amazon.com/gp/offer-listing/B00GPLXRA8/ref=olp_f_new?ie=UTF8&f_new=true		Color Copy Gloss Paper 94 Brightness 32lb 17 x 11 Pure White 500 Shts/Rm	https://images-na.ssl-images-amazon.com/images/I/51Zf+XX9BgL._AC_US218_.jpg	$ 29 50	Strathmore	https://www.amazon.com/Color-Gloss-Paper-Brightness-White/dp/B00GPLXRA8/ref=olp_f_new?ie=UTF8&f_new=true	3-36-202-P	Color Copy Gloss Pure White Paper - 17 x 11 in 32 lb Writing Glossy C/2S 500 per Ream				16.53		34.376	42.97				https://www.thepapermillstore.com/color-copy-gloss-pure-white-paper-17-x-11-in-32-lb-writing-glossy-c-2s-500-per-ream.html	https://www.thepapermillstore.com/media/catalog/product/c/o/color-copy-gloss-pure-white-paper-writing-glossy.jpg			00843855158621	843855158621			UPC	843855158621	0	TPMS	843855158621	41	1	29.50	nan	0	0.5507796339456279	0	0	0	0	0	0	0	0	0	0	26
41	https://www.amazon.com/s/ref=nb_sb_noss?url=search-alias%3Daps&field-keywords=843855158621	https://www.amazon.com/gp/offer-listing/B00DMEGIJ8/ref=olp_f_new?ie=UTF8&f_new=true		Mohawk Color Copy Gloss Paper 94-Bright Pure White Shade, 32 lb 17 x 11 Inches 500 Sheets/Ream - Sold as 1 Ream (36-202)	https://images-na.ssl-images-amazon.com/images/I/213g41nrz0L._AC_US218_.jpg	$ 28 39	Mohawk Home	https://www.amazon.com/gp/offer-listing/B00DMEGIJ8/ref=olp_f_new?ie=UTF8&f_new=true	3-36-202-P	Color Copy Gloss Pure White Paper - 17 x 11 in 32 lb Writing Glossy C/2S 500 per Ream				16.53		34.376	42.97				https://www.thepapermillstore.com/color-copy-gloss-pure-white-paper-17-x-11-in-32-lb-writing-glossy-c-2s-500-per-ream.html	https://www.thepapermillstore.com/media/catalog/product/c/o/color-copy-gloss-pure-white-paper-writing-glossy.jpg			00843855158621	843855158621			UPC	843855158621	0	TPMS	843855158621	41	1	28.39	nan	0	0.48952347201422686	0	0	0	0	0	0	0	0	0	0	27
91	https://www.amazon.com/s/ref=nb_sb_noss?url=search-alias%3Daps&field-keywords=843855158683	https://www.amazon.com/gp/offer-listing/B00I3MTNAK/ref=olp_f_new?ie=UTF8&f_new=true		Color Copy Gloss Paper 94 Brightness 40lb 17 x 11 Pure White 500 Shts/Rm	https://images-na.ssl-images-amazon.com/images/I/51tHfvb5wzL._AC_US218_.jpg	$ 42 04	Mohawk Home	https://www.amazon.com/gp/offer-listing/B00I3MTNAK/ref=olp_f_new?ie=UTF8&f_new=true	3-36-205-P	Color Copy Gloss Pure White Paper - 17 x 11 in 100 lb Text Glossy C/2S 500 per Ream				20.66		38.376	47.97				https://www.thepapermillstore.com/color-copy-gloss-pure-white-paper-17-x-11-in-100-lb-text-glossy-c-2s-500-per-ream.html	https://www.thepapermillstore.com/media/catalog/product/c/o/color-copy-gloss-pure-white-card-stock-glossy.jpg			00843855158683	843855158683			UPC	843855158683	0	TPMS	843855158683	42	1	42.04	nan	0	0.48316692904561476	0	0	0	0	0	0	0	0	0	0	28
65	https://www.amazon.com/s/ref=nb_sb_noss?url=search-alias%3Daps&field-keywords=843855158683	https://www.amazon.com/gp/offer-listing/B00L4EDHW4/ref=olp_f_new?ie=UTF8&f_new=true		"Mohawk Copier Gloss Paper, 94 Brightness, 40 lb, 17"" x 11"", Pure White, 500 Sheets/Ream (MOW36205)"	https://images-na.ssl-images-amazon.com/images/I/61hLhXdPTXL._AC_US218_.jpg	$ 42 16	Mohawk Home	https://www.amazon.com/gp/offer-listing/B00L4EDHW4/ref=olp_f_new?ie=UTF8&f_new=true	3-36-205-P	Color Copy Gloss Pure White Paper - 17 x 11 in 100 lb Text Glossy C/2S 500 per Ream				20.66		38.376	47.97				https://www.thepapermillstore.com/color-copy-gloss-pure-white-paper-17-x-11-in-100-lb-text-glossy-c-2s-500-per-ream.html	https://www.thepapermillstore.com/media/catalog/product/c/o/color-copy-gloss-pure-white-card-stock-glossy.jpg			00843855158683	843855158683			UPC	843855158683	0	TPMS	843855158683	42	1	42.16	nan	0	0.40330177769640135	0	0	0	0	0	0	0	0	0	0	29
82	https://www.amazon.com/s/ref=nb_sb_noss?url=search-alias%3Daps&field-keywords=843855158683	https://www.amazon.com/gp/offer-listing/B00TA52S4W/ref=olp_f_new?ie=UTF8&f_new=true		- Copier Gloss Paper, 94 Brightness, 40lb, 17 x 11, Pure White, 500 Shts/Rm	https://images-na.ssl-images-amazon.com/images/I/41YmxX2CvhL._AC_US218_.jpg	$ 48 35	MOT4	https://www.amazon.com/gp/offer-listing/B00TA52S4W/ref=olp_f_new?ie=UTF8&f_new=true	3-36-205-P	Color Copy Gloss Pure White Paper - 17 x 11 in 100 lb Text Glossy C/2S 500 per Ream				20.66		38.376	47.97				https://www.thepapermillstore.com/color-copy-gloss-pure-white-paper-17-x-11-in-100-lb-text-glossy-c-2s-500-per-ream.html	https://www.thepapermillstore.com/media/catalog/product/c/o/color-copy-gloss-pure-white-card-stock-glossy.jpg			00843855158683	843855158683			UPC	843855158683	0	TPMS	843855158683	42	1	48.35	nan	0	0.38087260847594384	0	0	0	0	0	0	0	0	0	0	30
42	https://www.amazon.com/s/ref=nb_sb_noss?url=search-alias%3Daps&field-keywords=843855158683	https://www.amazon.com/gp/offer-listing/B00HDPZ3AC/ref=olp_f_new?ie=UTF8&f_new=true		Copier Gloss Cover Paper, 100lb, 94 Brightness, Letter, Pure White, 250 Shts 40Lb/Tabloid Size Paper	https://images-na.ssl-images-amazon.com/images/I/61hLhXdPTXL._AC_US218_.jpg	$ 49 33	Mohawk Home	https://www.amazon.com/gp/offer-listing/B00HDPZ3AC/ref=olp_f_new?ie=UTF8&f_new=true	3-36-205-P	Color Copy Gloss Pure White Paper - 17 x 11 in 100 lb Text Glossy C/2S 500 per Ream				20.66		38.376	47.97				https://www.thepapermillstore.com/color-copy-gloss-pure-white-paper-17-x-11-in-100-lb-text-glossy-c-2s-500-per-ream.html	https://www.thepapermillstore.com/media/catalog/product/c/o/color-copy-gloss-pure-white-card-stock-glossy.jpg			00843855158683	843855158683			UPC	843855158683	0	TPMS	843855158683	42	1	49.33	nan	0	0.26048819071057594	0	0	0	0	0	0	0	0	0	0	31
88	https://www.amazon.com/s/ref=nb_sb_noss?url=search-alias%3Daps&field-keywords=843855158683	https://www.amazon.com/gp/offer-listing/B00KKY0GK0/ref=olp_f_new?ie=UTF8&f_new=true		Mohawk Home PAPER,GLOSS,17X11,100#,WH	https://images-na.ssl-images-amazon.com/images/I/51f3Lx9m0eL._AC_US218_.jpg	$ 48 87	Mohawk Home	https://www.amazon.com/gp/offer-listing/B00KKY0GK0/ref=olp_f_new?ie=UTF8&f_new=true	3-36-205-P	Color Copy Gloss Pure White Paper - 17 x 11 in 100 lb Text Glossy C/2S 500 per Ream				20.66		38.376	47.97				https://www.thepapermillstore.com/color-copy-gloss-pure-white-paper-17-x-11-in-100-lb-text-glossy-c-2s-500-per-ream.html	https://www.thepapermillstore.com/media/catalog/product/c/o/color-copy-gloss-pure-white-card-stock-glossy.jpg			00843855158683	843855158683			UPC	843855158683	0	TPMS	843855158683	42	1	48.87	nan	0	0.20608363501393825	0	0	0	0	0	0	0	0	0	0	32
43	https://www.amazon.com/s/ref=nb_sb_noss?url=search-alias%3Daps&field-keywords=843855158782	https://www.amazon.com/gp/offer-listing/B00DMFW5N0/ref=olp_f_new?ie=UTF8&f_new=true		Mohawk Color Copy Gloss Cover Paper 94-Bright Pure White Shade, 100 Cover 8.5 x 11 Inches, 250 Sheets/Ream - Sold as 1 Ream (36-213)	https://images-na.ssl-images-amazon.com/images/I/51XXwGUcUkL._AC_US218_.jpg	$ 27 63	Mohawk Home	https://www.amazon.com/gp/offer-listing/B00DMFW5N0/ref=olp_f_new?ie=UTF8&f_new=true	3-36-213-P	Color Copy Gloss Pure White Card Stock - 8 1/2 x 11 in 100 lb Cover Glossy C/2S 250 per Package				9.44		19.976	24.97				https://www.thepapermillstore.com/color-copy-gloss-pure-white-card-stock-8-1-2-x-11-in-100-lb-cover-glossy-c-2s-250-per-package.html	https://www.thepapermillstore.com/media/catalog/product/c/o/color-copy-gloss-pure-white-card-stock-glossy.jpg			00843855158782	843855158782			UPC	843855158782	0	TPMS	843855158782	43	1	27.63	nan	0	0.33506609904237	0	0	0	0	0	0	0	0	0	0	33
66	https://www.amazon.com/s/ref=nb_sb_noss?url=search-alias%3Daps&field-keywords=843855158782	https://www.amazon.com/gp/offer-listing/B00TBNOPIA/ref=olp_f_new?ie=UTF8&f_new=true		Copier Gloss Cover Paper, 100lb, 94 Brightness, Letter, Pure White, 250 Shts	https://images-na.ssl-images-amazon.com/images/I/41hZ0hp77tL._AC_US218_.jpg	$ 17 27	Reg	https://www.amazon.com/Copier-Gloss-Cover-Brightness-Letter/dp/B00TBNOPIA/ref=olp_f_new?ie=UTF8&f_new=true	3-36-213-P	Color Copy Gloss Pure White Card Stock - 8 1/2 x 11 in 100 lb Cover Glossy C/2S 250 per Package				9.44		19.976	24.97				https://www.thepapermillstore.com/color-copy-gloss-pure-white-card-stock-8-1-2-x-11-in-100-lb-cover-glossy-c-2s-250-per-package.html	https://www.thepapermillstore.com/media/catalog/product/c/o/color-copy-gloss-pure-white-card-stock-glossy.jpg			00843855158782	843855158782			UPC	843855158782	0	TPMS	843855158782	43	1	17.27	nan	0	0.2594752005020689	0	0	0	0	0	0	0	0	0	0	34
52	https://www.amazon.com/s/ref=nb_sb_noss?url=search-alias%3Daps&field-keywords=759598403112	https://www.amazon.com/gp/offer-listing/B01IFD36HC/ref=olp_f_new?ie=UTF8&f_new=true		Neenah Paper Exact Index Card Stock, 90lb, 94 Bright, 8 1/2 x 11, White, 250 Sheets	https://images-na.ssl-images-amazon.com/images/I/311z1CH6o3L._AC_US218_.jpg	$ 19 03	Neenah Paper	https://www.amazon.com/gp/offer-listing/B01IFD36HC/ref=olp_f_new?ie=UTF8&f_new=true	3-40311-F-P	Exact Index White Paper - 8 1/2 x 11 in 90 lb Index Smooth  30% Recycled 250 per Package				4.24		8.776	10.97				https://www.thepapermillstore.com/exact-index-white-paper-8-1-2-x-11-in-90-lb-index-smooth-30-recycled-250-per-package.html	https://www.thepapermillstore.com/media/catalog/product/e/x/exact-index-white-card-stock-smooth.jpg			00759598403112	759598403112			UPC	759598403112	0	TPMS	759598403112	19	1	19.03	nan	0	0.5562252188967218	0	0	0	0	0	0	0	0	0	0	35
73	https://www.amazon.com/s/ref=nb_sb_noss?url=search-alias%3Daps&field-keywords=759598403112	https://www.amazon.com/gp/offer-listing/B00BX9T5RG/ref=olp_f_new?ie=UTF8&f_new=true		"Wholesale CASE of 20 - Wausau Exact Index Paper-Exact Index 90, 8-1/2'x11"", 94 Bright, 250SH/PK, White"	https://images-na.ssl-images-amazon.com/images/I/41Ee265C3AL._AC_US218_.jpg	$ 203 99	Wau	https://www.amazon.com/gp/offer-listing/B00BX9T5RG/ref=olp_f_new?ie=UTF8&f_new=true	3-40311-F-P	Exact Index White Paper - 8 1/2 x 11 in 90 lb Index Smooth  30% Recycled 250 per Package				4.24		8.776	10.97				https://www.thepapermillstore.com/exact-index-white-paper-8-1-2-x-11-in-90-lb-index-smooth-30-recycled-250-per-package.html	https://www.thepapermillstore.com/media/catalog/product/e/x/exact-index-white-card-stock-smooth.jpg			00759598403112	759598403112			UPC	759598403112	0	TPMS	759598403112	19	1	203.99	nan	0	0.44679929670741514	0	0	0	0	0	0	0	0	0	0	36
19	https://www.amazon.com/s/ref=nb_sb_noss?url=search-alias%3Daps&field-keywords=759598403112	https://www.amazon.com/gp/offer-listing/B006P1EQIA/ref=olp_f_new?ie=UTF8&f_new=true		Neenah Exact Index Card Stock, 8.5 x 11 Inch, 90 lb, White, 250 Sheets (40311)	https://images-na.ssl-images-amazon.com/images/I/414GvNXdf5L._AC_US218_.jpg	$ 10 26	Neenah	https://www.amazon.com/gp/offer-listing/B006P1EQIA/ref=olp_f_new?ie=UTF8&f_new=true	3-40311-F-P	Exact Index White Paper - 8 1/2 x 11 in 90 lb Index Smooth  30% Recycled 250 per Package				4.24		8.776	10.97				https://www.thepapermillstore.com/exact-index-white-paper-8-1-2-x-11-in-90-lb-index-smooth-30-recycled-250-per-package.html	https://www.thepapermillstore.com/media/catalog/product/e/x/exact-index-white-card-stock-smooth.jpg			00759598403112	759598403112			UPC	759598403112	0	TPMS	759598403112	19	1	10.26	nan	0	0.4118440270142392	0	0	0	0	0	0	0	0	0	0	37
20	https://www.amazon.com/s/ref=nb_sb_noss?url=search-alias%3Daps&field-keywords=759598403136	https://www.amazon.com/gp/offer-listing/B006P1Z47C/ref=olp_f_new?ie=UTF8&f_new=true		"Exact Index Cardstock, 8.5"" x 14"", 90 lb/163 gsm, White, 94 Brightness, 250 Sheets (40313)"	https://images-na.ssl-images-amazon.com/images/I/51U3eLnFa1L._AC_US218_.jpg	$ 20 55	Neenah	https://www.amazon.com/gp/offer-listing/B006P1Z47C/ref=olp_f_new?ie=UTF8&f_new=true	3-40313-F-P	Exact Index White Paper - 8 1/2 x 14 in 90 lb Index Smooth  30% Recycled 250 per Package				5.75		14.376	17.97				https://www.thepapermillstore.com/exact-index-white-paper-8-1-2-x-14-in-90-lb-index-smooth-30-recycled-250-per-package.html	https://www.thepapermillstore.com/media/catalog/product/e/x/exact-index-white-card-stock-smooth.jpg			00759598403136	759598403136			UPC	759598403136	0	TPMS	759598403136	20	1	20.55	nan	0	0.39510377374804284	0	0	0	0	0	0	0	0	0	0	38
21	https://www.amazon.com/s/ref=nb_sb_noss?url=search-alias%3Daps&field-keywords=759598403143	https://www.amazon.com/gp/offer-listing/B006P1Z454/ref=olp_f_new?ie=UTF8&f_new=true		"Exact Index Cardstock, 11"" x 17"", 90 lb/163 gsm, White, 94 Brightness, 250 Sheets (40314)"	https://images-na.ssl-images-amazon.com/images/I/41bOChv70lL._AC_US218_.jpg	$ 19 99	Neenah	https://www.amazon.com/gp/offer-listing/B006P1Z454/ref=olp_f_new?ie=UTF8&f_new=true	3-40314-F-P	Exact Index White Paper - 11 x 17 in 90 lb Index Smooth  30% Recycled 250 per Package				9.03		16.776	20.97				https://www.thepapermillstore.com/exact-index-white-paper-11-x-17-in-90-lb-index-smooth-30-recycled-250-per-package.html	https://www.thepapermillstore.com/media/catalog/product/e/x/exact-index-white-card-stock-smooth.jpg			00759598403143	759598403143			UPC	759598403143	0	TPMS	759598403143	21	1	19.99	nan	0	0.44748859402387353	0	0	0	0	0	0	0	0	0	0	39
53	https://www.amazon.com/s/ref=nb_sb_noss?url=search-alias%3Daps&field-keywords=759598404119	https://www.amazon.com/gp/offer-listing/B073XZ87BN/ref=olp_f_new?ie=UTF8&f_new=true		Neenah Paper Exact Index Card Stock, 110 lbs, 8-1/2 x 11, White, 250 Sheets/Pack	https://images-na.ssl-images-amazon.com/images/I/41F2L0-O1xL._AC_US218_.jpg	$ 21 18	Neenah	https://www.amazon.com/gp/offer-listing/B073XZ87BN/ref=olp_f_new?ie=UTF8&f_new=true	3-40411-F-P	Exact Index White Paper - 8 1/2 x 11 in 110 lb Index Smooth  30% Recycled 250 per Package				5.19		10.376	12.97				https://www.thepapermillstore.com/exact-index-white-paper-8-1-2-x-11-in-110-lb-index-smooth-30-recycled-250-per-package.html	https://www.thepapermillstore.com/media/catalog/product/e/x/exact-index-white-card-stock-smooth.jpg			00759598404119	759598404119			UPC	759598404119	0	TPMS	759598404119	22	1	21.18	nan	0	0.5807945004457356	0	0	0	0	0	0	0	0	0	0	40
74	https://www.amazon.com/s/ref=nb_sb_noss?url=search-alias%3Daps&field-keywords=759598404119	https://www.amazon.com/gp/offer-listing/B00BX9T68Y/ref=olp_f_new?ie=UTF8&f_new=true		"Wholesale CASE of 15 - Wausau Exact 110lb Index Paper-Exact Index Paper,8-1/2""x11"",110lb.,94 Bright,250SH/PK,White"	https://images-na.ssl-images-amazon.com/images/I/5187GyCTdLL._AC_US218_.jpg	$ 168 19	Wau	https://www.amazon.com/gp/offer-listing/B00BX9T68Y/ref=olp_f_new?ie=UTF8&f_new=true	3-40411-F-P	Exact Index White Paper - 8 1/2 x 11 in 110 lb Index Smooth  30% Recycled 250 per Package				5.19		10.376	12.97				https://www.thepapermillstore.com/exact-index-white-paper-8-1-2-x-11-in-110-lb-index-smooth-30-recycled-250-per-package.html	https://www.thepapermillstore.com/media/catalog/product/e/x/exact-index-white-card-stock-smooth.jpg			00759598404119	759598404119			UPC	759598404119	0	TPMS	759598404119	22	1	168.19	nan	0	0.5213845106609682	0	0	0	0	0	0	0	0	0	0	41
22	https://www.amazon.com/s/ref=nb_sb_noss?url=search-alias%3Daps&field-keywords=759598404119	https://www.amazon.com/gp/offer-listing/B006P1EQXA/ref=olp_f_new?ie=UTF8&f_new=true		Neenah Exact Index, 110 lb, 8.5 x 11 Inches, 250 Sheets, White, 94 Brightness	https://images-na.ssl-images-amazon.com/images/I/41UjbudXPpL._AC_US218_.jpg		Neenah	https://www.amazon.com/Neenah-Exact-Inches-Sheets-Brightness/dp/B006P1EQXA/ref=olp_f_new?ie=UTF8&f_new=true	3-40411-F-P	Exact Index White Paper - 8 1/2 x 11 in 110 lb Index Smooth  30% Recycled 250 per Package				5.19		10.376	12.97				https://www.thepapermillstore.com/exact-index-white-paper-8-1-2-x-11-in-110-lb-index-smooth-30-recycled-250-per-package.html	https://www.thepapermillstore.com/media/catalog/product/e/x/exact-index-white-card-stock-smooth.jpg			00759598404119	759598404119			UPC	759598404119	0	TPMS	759598404119	22	1	nan	nan	0	0.43090992700118286	0	0	0	0	0	0	0	0	0	0	42
23	https://www.amazon.com/s/ref=nb_sb_noss?url=search-alias%3Daps&field-keywords=759598404133	https://www.amazon.com/gp/offer-listing/B006P1Z4X6/ref=olp_f_new?ie=UTF8&f_new=true		"Exact Index Cardstock, 8.5"" x 14"", 110 lb/199 gsm, White, 94 Brightness, 250 Sheets (40413)"	https://images-na.ssl-images-amazon.com/images/I/51Awi2yCI0L._AC_US218_.jpg	$ 24 11	Neenah	https://www.amazon.com/gp/offer-listing/B006P1Z4X6/ref=olp_f_new?ie=UTF8&f_new=true	3-40413-F-P	Exact Index White Paper - 8 1/2 x 14 in 110 lb Index Smooth  30% Recycled 250 per Package				7.28		15.976	19.97				https://www.thepapermillstore.com/exact-index-white-paper-8-1-2-x-14-in-110-lb-index-smooth-30-recycled-250-per-package.html	https://www.thepapermillstore.com/media/catalog/product/e/x/exact-index-white-card-stock-smooth.jpg			00759598404133	759598404133			UPC	759598404133	0	TPMS	759598404133	23	1	24.11	nan	0	0.39510377374804284	0	0	0	0	0	0	0	0	0	0	43
54	https://www.amazon.com/s/ref=nb_sb_noss?url=search-alias%3Daps&field-keywords=759598404140	https://www.amazon.com/gp/offer-listing/B075NKP7FJ/ref=olp_f_new?ie=UTF8&f_new=true		Neenah Paper Exact Index Card Stock, 110 lbs, 11 x 17, White, 250 Sheets/Pack	https://images-na.ssl-images-amazon.com/images/I/4153EUhHdyL._AC_US218_.jpg	$ 35 45	Neenah	https://www.amazon.com/Neenah-Paper-Exact-Index-Sheets/dp/B075NKP7FJ/ref=olp_f_new?ie=UTF8&f_new=true	3-40414-F-P	Exact Index White Paper - 11 x 17 in 110 lb Index Smooth  30% Recycled 250 per Package				11.04		19.176	23.97				https://www.thepapermillstore.com/exact-index-white-paper-11-x-17-in-110-lb-index-smooth-30-recycled-250-per-package.html	https://www.thepapermillstore.com/media/catalog/product/e/x/exact-index-white-card-stock-smooth.jpg			00759598404140	759598404140			UPC	759598404140	0	TPMS	759598404140	24	1	35.45	nan	0	0.5396771421054379	0	0	0	0	0	0	0	0	0	0	44
24	https://www.amazon.com/s/ref=nb_sb_noss?url=search-alias%3Daps&field-keywords=759598404140	https://www.amazon.com/gp/offer-listing/B006P1Z472/ref=olp_f_new?ie=UTF8&f_new=true		Neenah Paper 40414 Neenah Exact Index, 110 lb, 11 x 17 Inches, 250 Sheets, White, 94 Brightness	https://images-na.ssl-images-amazon.com/images/I/41P4KGnOFbL._AC_US218_.jpg	$ 19 37	Neenah	https://www.amazon.com/gp/offer-listing/B006P1Z472/ref=olp_f_new?ie=UTF8&f_new=true	3-40414-F-P	Exact Index White Paper - 11 x 17 in 110 lb Index Smooth  30% Recycled 250 per Package				11.04		19.176	23.97				https://www.thepapermillstore.com/exact-index-white-paper-11-x-17-in-110-lb-index-smooth-30-recycled-250-per-package.html	https://www.thepapermillstore.com/media/catalog/product/e/x/exact-index-white-card-stock-smooth.jpg			00759598404140	759598404140			UPC	759598404140	0	TPMS	759598404140	24	1	19.37	nan	0	0.45651529522065515	0	0	0	0	0	0	0	0	0	0	45
75	https://www.amazon.com/s/ref=nb_sb_noss?url=search-alias%3Daps&field-keywords=759598404140	https://www.amazon.com/gp/offer-listing/B0765CL4SD/ref=olp_f_new?ie=UTF8&f_new=true		Exact Index Card Stock, 110lb, 92 Bright, 11 x 17, 250 Sheets	https://images-na.ssl-images-amazon.com/images/I/41jxSolja7L._AC_US218_.jpg	$ 35 99	Neenah	https://www.amazon.com/Exact-Index-Stock-Bright-Sheets/dp/B0765CL4SD/ref=olp_f_new?ie=UTF8&f_new=true	3-40414-F-P	Exact Index White Paper - 11 x 17 in 110 lb Index Smooth  30% Recycled 250 per Package				11.04		19.176	23.97				https://www.thepapermillstore.com/exact-index-white-paper-11-x-17-in-110-lb-index-smooth-30-recycled-250-per-package.html	https://www.thepapermillstore.com/media/catalog/product/e/x/exact-index-white-card-stock-smooth.jpg			00759598404140	759598404140			UPC	759598404140	0	TPMS	759598404140	24	1	35.99	nan	0	0.4452841817898674	0	0	0	0	0	0	0	0	0	0	46
25	https://www.amazon.com/s/ref=nb_sb_noss?url=search-alias%3Daps&field-keywords=759598408018	https://www.amazon.com/gp/offer-listing/B001QG0K48/ref=olp_f_new?ie=UTF8&f_new=true		Exact Index Smooth, 8.5 X 11 inch, White Heavyweight Cardstock Paper - 140lb Index- 250 Sheets/pack	https://images-na.ssl-images-amazon.com/images/I/21rtdyrDT9L._AC_US218_.jpg	$ 29 00	Neenah Exact	https://www.amazon.com/gp/offer-listing/B001QG0K48/ref=olp_f_new?ie=UTF8&f_new=true	3-40801-F-P	Exact Index White Paper - 8 1/2 x 11 in 140 lb Index Smooth  30% Recycled 250 per Package				6.61		12.776	15.97				https://www.thepapermillstore.com/exact-index-white-paper-8-1-2-x-11-in-140-lb-index-smooth-30-recycled-250-per-package.html	https://www.thepapermillstore.com/media/catalog/product/e/x/exact-index-white-card-stock-smooth.jpg			00759598408018	759598408018			UPC	759598408018	0	TPMS	759598408018	25	1	29.00	nan	0	0.5635003957009453	0	0	0	0	0	0	0	0	0	0	47
6	https://www.amazon.com/s/ref=nb_sb_noss?url=search-alias%3Daps&field-keywords=645248430907	https://www.amazon.com/gp/offer-listing/B000PJ819I/ref=olp_f_new?ie=UTF8&f_new=true		"Arturo Reply Envelopes - Softwhite - 3.54"" x 5.51"" - 120gsm - 100envelopes/box"	https://images-na.ssl-images-amazon.com/images/I/414vPof1HIL._AC_US218_.jpg	$ 65 55	Legion Paper	https://www.amazon.com/Arturo-Reply-Envelopes-Softwhite-100envelopes/dp/B000PJ819I/ref=olp_f_new?ie=UTF8&f_new=true	3-500E-BOX	Arturo Soft White Envelopes - Arturo Small Reply (3.54 x 5.51) 81 lb Text Felt 100 per Box				16.73		26.376	32.97				https://www.thepapermillstore.com/arturo-soft-white-envelopes-arturo-small-reply-3-54-x-5-51-81-lb-text-felt-100-per-box.html	https://www.thepapermillstore.com/media/catalog/product/a/r/arturo-soft-white-envelopes.jpg			00645248430907	645248430907			UPC	645248430907	0	TPMS	645248430907	6	1	65.55	nan	0	0.5325534241236163	0	0	0	0	0	0	0	0	0	0	48
78	https://www.amazon.com/s/ref=nb_sb_noss?url=search-alias%3Daps&field-keywords=777502689155	https://www.amazon.com/gp/offer-listing/B00T9VV6XQ/ref=olp_f_new?ie=UTF8&f_new=true		EarthChoice Office Paper, 92 Brightness, 20lb, 8-1/2 x 11, White, 5000/Carton	https://images-na.ssl-images-amazon.com/images/I/31qJDsNPcpL._AC_US218_.jpg	$ 64 95	Reg	https://www.amazon.com/EarthChoice-Office-Paper-Brightness-Carton/dp/B00T9VV6XQ/ref=olp_f_new?ie=UTF8&f_new=true	3-51986-F-P	EarthChoice Office White Paper - 8 1/2 x 11 in 20 lb Writing 500 per Ream				3.3		9.576	11.97				https://www.thepapermillstore.com/earthchoice-office-white-paper-8-1-2-x-11-in-20-lb-writing-500-per-ream.html	https://www.thepapermillstore.com/media/catalog/product/e/a/earthchoice-office-white-paper.jpg			00777502689155	777502689155			UPC	777502689155	0	TPMS	777502689155	31	1	64.95	nan	0	0.6149918982664359	0	0	0	0	0	0	0	0	0	0	49
86	https://www.amazon.com/s/ref=nb_sb_noss?url=search-alias%3Daps&field-keywords=777502689155	https://www.amazon.com/gp/offer-listing/B00BT2W31M/ref=olp_f_new?ie=UTF8&f_new=true		Domtar - EarthChoice Office Paper, 92 Brightness, 20lb, 8-1/2 x 11, White, 5000/Carton	https://images-na.ssl-images-amazon.com/images/I/51SU-FjZ-aL._AC_US218_.jpg	$ 59 88	Domtar	https://www.amazon.com/gp/offer-listing/B00BT2W31M/ref=olp_f_new?ie=UTF8&f_new=true	3-51986-F-P	EarthChoice Office White Paper - 8 1/2 x 11 in 20 lb Writing 500 per Ream				3.3		9.576	11.97				https://www.thepapermillstore.com/earthchoice-office-white-paper-8-1-2-x-11-in-20-lb-writing-500-per-ream.html	https://www.thepapermillstore.com/media/catalog/product/e/a/earthchoice-office-white-paper.jpg			00777502689155	777502689155			UPC	777502689155	0	TPMS	777502689155	31	1	59.88	nan	0	0.5851740296690352	0	0	0	0	0	0	0	0	0	0	50
90	https://www.amazon.com/s/ref=nb_sb_noss?url=search-alias%3Daps&field-keywords=777502689155	https://www.amazon.com/gp/offer-listing/B004HM5KBQ/ref=olp_f_new?ie=UTF8&f_new=true		EarthChoice Office Paper 92 Brightness 20lb 81/2 x 11 White 5000/Carton Pack of 2	https://images-na.ssl-images-amazon.com/images/I/51qTKsP8mpL._AC_US218_.jpg		Domtar	https://www.amazon.com/EarthChoice-Office-Paper-Brightness-Carton/dp/B004HM5KBQ/ref=olp_f_new?ie=UTF8&f_new=true	3-51986-F-P	EarthChoice Office White Paper - 8 1/2 x 11 in 20 lb Writing 500 per Ream				3.3		9.576	11.97				https://www.thepapermillstore.com/earthchoice-office-white-paper-8-1-2-x-11-in-20-lb-writing-500-per-ream.html	https://www.thepapermillstore.com/media/catalog/product/e/a/earthchoice-office-white-paper.jpg			00777502689155	777502689155			UPC	777502689155	0	TPMS	777502689155	31	1	nan	nan	0	0.4712757319966781	0	0	0	0	0	0	0	0	0	0	51
93	https://www.amazon.com/s/ref=nb_sb_noss?url=search-alias%3Daps&field-keywords=777502689155	https://www.amazon.com/gp/offer-listing/B00V42WVL4/ref=olp_f_new?ie=UTF8&f_new=true		Domtar Earth Choice Office Paper, White, 8.5x11 Inch, 20lb, 92 Bright, 500 Sheets/Ream, 5000 Sheet/Carton	https://images-na.ssl-images-amazon.com/images/I/41P8RJLdchL._AC_US218_.jpg	$ 59 86	Domtar	https://www.amazon.com/gp/offer-listing/B00V42WVL4/ref=olp_f_new?ie=UTF8&f_new=true	3-51986-F-P	EarthChoice Office White Paper - 8 1/2 x 11 in 20 lb Writing 500 per Ream				3.3		9.576	11.97				https://www.thepapermillstore.com/earthchoice-office-white-paper-8-1-2-x-11-in-20-lb-writing-500-per-ream.html	https://www.thepapermillstore.com/media/catalog/product/e/a/earthchoice-office-white-paper.jpg			00777502689155	777502689155			UPC	777502689155	0	TPMS	777502689155	31	1	59.86	nan	0	0.3006975149263551	0	0	0	0	0	0	0	0	0	0	52
92	https://www.amazon.com/s/ref=nb_sb_noss?url=search-alias%3Daps&field-keywords=777502689155	https://www.amazon.com/gp/offer-listing/B0030ZJ9YA/ref=olp_f_new?ie=UTF8&f_new=true		Domtar EarthChoice Office Paper	https://images-na.ssl-images-amazon.com/images/I/5153dwPuxGL._AC_US218_.jpg	$ 46 13	Domtar	https://www.amazon.com/gp/offer-listing/B0030ZJ9YA/ref=olp_f_new?ie=UTF8&f_new=true	3-51986-F-P	EarthChoice Office White Paper - 8 1/2 x 11 in 20 lb Writing 500 per Ream				3.3		9.576	11.97				https://www.thepapermillstore.com/earthchoice-office-white-paper-8-1-2-x-11-in-20-lb-writing-500-per-ream.html	https://www.thepapermillstore.com/media/catalog/product/e/a/earthchoice-office-white-paper.jpg			00777502689155	777502689155			UPC	777502689155	0	TPMS	777502689155	31	1	46.13	nan	0	0.2704643173798548	0	0	0	0	0	0	0	0	0	0	53
31	https://www.amazon.com/s/ref=nb_sb_noss?url=search-alias%3Daps&field-keywords=777502689155	https://www.amazon.com/gp/offer-listing/B009R5HNR2/ref=olp_f_new?ie=UTF8&f_new=true		DMR2700 - DOMTAR PAPER EarthChoice Office Paper	https://images-na.ssl-images-amazon.com/images/I/417oXsKdcQL._AC_US218_.jpg	$ 54 68	DOMTAR PAPER	https://www.amazon.com/gp/offer-listing/B009R5HNR2/ref=olp_f_new?ie=UTF8&f_new=true	3-51986-F-P	EarthChoice Office White Paper - 8 1/2 x 11 in 20 lb Writing 500 per Ream				3.3		9.576	11.97				https://www.thepapermillstore.com/earthchoice-office-white-paper-8-1-2-x-11-in-20-lb-writing-500-per-ream.html	https://www.thepapermillstore.com/media/catalog/product/e/a/earthchoice-office-white-paper.jpg			00777502689155	777502689155			UPC	777502689155	0	TPMS	777502689155	31	1	54.68	nan	0	0.25499620385104793	0	0	0	0	0	0	0	0	0	0	54
59	https://www.amazon.com/s/ref=nb_sb_noss?url=search-alias%3Daps&field-keywords=777502689155	https://www.amazon.com/gp/offer-listing/B00275QXZ2/ref=olp_f_new?ie=UTF8&f_new=true		Domtar EarthChoice Office Paper (DMR2700)	https://images-na.ssl-images-amazon.com/images/I/51snatYyVnL._AC_US218_.jpg	$ 47 42	Domtar, Inc	https://www.amazon.com/Domtar-EarthChoice-Office-Paper-DMR2700/dp/B00275QXZ2/ref=olp_f_new?ie=UTF8&f_new=true	3-51986-F-P	EarthChoice Office White Paper - 8 1/2 x 11 in 20 lb Writing 500 per Ream				3.3		9.576	11.97				https://www.thepapermillstore.com/earthchoice-office-white-paper-8-1-2-x-11-in-20-lb-writing-500-per-ream.html	https://www.thepapermillstore.com/media/catalog/product/e/a/earthchoice-office-white-paper.jpg			00777502689155	777502689155			UPC	777502689155	0	TPMS	777502689155	31	1	47.42	nan	0	0.2288273118542702	0	0	0	0	0	0	0	0	0	0	55
45	https://www.amazon.com/s/ref=nb_sb_noss?url=search-alias%3Daps&field-keywords=720918090374	https://www.amazon.com/gp/offer-listing/B00EK3EZKE/ref=olp_f_new?ie=UTF8&f_new=true		"Wholesale CASE of 5 - NCR Paper CFB Superior Carbonless Sheets-Superior Paper, 92GE, 8-1/2""x11"", 500SH/PK, White"	https://images-na.ssl-images-amazon.com/images/I/41CiHxg5lPL._AC_US218_.jpg	$ 170 32	NCR	https://www.amazon.com/gp/offer-listing/B00EK3EZKE/ref=olp_f_new?ie=UTF8&f_new=true	3-5824-P	NCR Paper* Brand Superior CFB White Carbonless Paper - 8 1/2 x 11 in 22 lb Bond 500 per Ream				19.32		33.976	42.47				https://www.thepapermillstore.com/ncr-paper-brand-superior-cfb-white-carbonless-paper-8-1-2-x-11-in-22-lb-bond-500-per-ream.html	https://www.thepapermillstore.com/media/catalog/product/n/c/ncr-paper-brand-superior-white-carbonless-paper.jpg			00720918090374	720918090374			UPC	720918090374	0	TPMS	720918090374	9	1	170.32	nan	0	0.4650744171626399	0	0	0	0	0	0	0	0	0	0	56
9	https://www.amazon.com/s/ref=nb_sb_noss?url=search-alias%3Daps&field-keywords=720918090374	https://www.amazon.com/gp/offer-listing/B00OLBKTWS/ref=olp_f_new?ie=UTF8&f_new=true		Appvion NCR Paper CFB Superior Carbonless Sheets (NCR5824)	https://images-na.ssl-images-amazon.com/images/I/21JzQINGuEL._AC_US218_.jpg	$ 29 95	Appvion Inc	https://www.amazon.com/Appvion-Superior-Carbonless-Sheets-NCR5824/dp/B00OLBKTWS/ref=olp_f_new?ie=UTF8&f_new=true	3-5824-P	NCR Paper* Brand Superior CFB White Carbonless Paper - 8 1/2 x 11 in 22 lb Bond 500 per Ream				19.32		33.976	42.47				https://www.thepapermillstore.com/ncr-paper-brand-superior-cfb-white-carbonless-paper-8-1-2-x-11-in-22-lb-bond-500-per-ream.html	https://www.thepapermillstore.com/media/catalog/product/n/c/ncr-paper-brand-superior-white-carbonless-paper.jpg			00720918090374	720918090374			UPC	720918090374	0	TPMS	720918090374	9	1	29.95	nan	0	0.32237680559985193	0	0	0	0	0	0	0	0	0	0	57
68	https://www.amazon.com/s/ref=nb_sb_noss?url=search-alias%3Daps&field-keywords=720918090374	https://www.amazon.com/gp/offer-listing/B00B8XA4LS/ref=olp_f_new?ie=UTF8&f_new=true		NCR5824 - NCR Paper Superior Copy Multipurpose Paper	https://images-na.ssl-images-amazon.com/images/I/51KtVdbfW4L._AC_US218_.jpg	$ 32 29	NCR	https://www.amazon.com/gp/offer-listing/B00B8XA4LS/ref=olp_f_new?ie=UTF8&f_new=true	3-5824-P	NCR Paper* Brand Superior CFB White Carbonless Paper - 8 1/2 x 11 in 22 lb Bond 500 per Ream				19.32		33.976	42.47				https://www.thepapermillstore.com/ncr-paper-brand-superior-cfb-white-carbonless-paper-8-1-2-x-11-in-22-lb-bond-500-per-ream.html	https://www.thepapermillstore.com/media/catalog/product/n/c/ncr-paper-brand-superior-white-carbonless-paper.jpg			00720918090374	720918090374			UPC	720918090374	0	TPMS	720918090374	9	1	32.29	nan	0	0.29948934070271344	0	0	0	0	0	0	0	0	0	0	58
69	https://www.amazon.com/s/ref=nb_sb_noss?url=search-alias%3Daps&field-keywords=720918090992	https://www.amazon.com/gp/offer-listing/B003P3V594/ref=olp_f_new?ie=UTF8&f_new=true		"2500 Sets, 8-1/2"" x 11"" Pre Collated, Carbonless Paper, 2 Part Reverse, (White, Canary),Ncr5887 Category: Copy and Multi Purpose Paper"	https://images-na.ssl-images-amazon.com/images/I/41Y2kXM8KfL._AC_US218_.jpg	$ 168 00	Appleton	https://www.amazon.com/gp/offer-listing/B003P3V594/ref=olp_f_new?ie=UTF8&f_new=true	3-5887-P	NCR Paper* Brand Superior Multi-Colored Carbonless Paper - 8 1/2 x 11 in 20.5 lb Bond  Precollated 2-Part RS Canary, White 500 per Ream				14.23		25.976	32.47				https://www.thepapermillstore.com/ncr-paper-brand-superior-multi-colored-carbonless-paper-8-1-2-x-11-in-20-5-lb-bond-precollated-2-part-rs-canary-white-500-per-ream.html	https://www.thepapermillstore.com/media/catalog/product/n/c/ncr-paper-brand-superior-canary-white-carbonless-paper-2-part-RS.jpg			00720918090992	720918090992			UPC	720918090992	0	TPMS	720918090992	10	1	168.00	nan	0	0.4369040087403728	0	0	0	0	0	0	0	0	0	0	59
46	https://www.amazon.com/s/ref=nb_sb_noss?url=search-alias%3Daps&field-keywords=720918090992	https://www.amazon.com/gp/offer-listing/B0028LDPU6/ref=olp_f_new?ie=UTF8&f_new=true		250 Sets, NCR Paper, 5887, Collated 2 Part (White, Canary), Letter Size Carbonless Paper Appleton	https://images-na.ssl-images-amazon.com/images/I/41mB-ge33WL._AC_US218_.jpg	$ 24 70	NCR	https://www.amazon.com/gp/offer-listing/B0028LDPU6/ref=olp_f_new?ie=UTF8&f_new=true	3-5887-P	NCR Paper* Brand Superior Multi-Colored Carbonless Paper - 8 1/2 x 11 in 20.5 lb Bond  Precollated 2-Part RS Canary, White 500 per Ream				14.23		25.976	32.47				https://www.thepapermillstore.com/ncr-paper-brand-superior-multi-colored-carbonless-paper-8-1-2-x-11-in-20-5-lb-bond-precollated-2-part-rs-canary-white-500-per-ream.html	https://www.thepapermillstore.com/media/catalog/product/n/c/ncr-paper-brand-superior-canary-white-carbonless-paper-2-part-RS.jpg			00720918090992	720918090992			UPC	720918090992	0	TPMS	720918090992	10	1	24.70	nan	0	0.3169587711792173	0	0	0	0	0	0	0	0	0	0	60
10	https://www.amazon.com/s/ref=nb_sb_noss?url=search-alias%3Daps&field-keywords=720918090992	https://www.amazon.com/gp/offer-listing/B00CGCRDHS/ref=olp_f_new?ie=UTF8&f_new=true		Adorable Rabbit with Bow Tie Adjustable Ring - Red	https://images-na.ssl-images-amazon.com/images/I/51sLb+ecK9L._AC_US218_.jpg		Beau Element	https://www.amazon.com/Adorable-Rabbit-Bow-Adjustable-Ring/dp/B00CGCRDHS/ref=olp_f_new?ie=UTF8&f_new=true	3-5887-P	NCR Paper* Brand Superior Multi-Colored Carbonless Paper - 8 1/2 x 11 in 20.5 lb Bond  Precollated 2-Part RS Canary, White 500 per Ream				14.23		25.976	32.47				https://www.thepapermillstore.com/ncr-paper-brand-superior-multi-colored-carbonless-paper-8-1-2-x-11-in-20-5-lb-bond-precollated-2-part-rs-canary-white-500-per-ream.html	https://www.thepapermillstore.com/media/catalog/product/n/c/ncr-paper-brand-superior-canary-white-carbonless-paper-2-part-RS.jpg			00720918090992	720918090992			UPC	720918090992	0	TPMS	720918090992	10	1	nan	nan	0	0.0	0	0	0	0	0	0	0	0	0	0	61
47	https://www.amazon.com/s/ref=nb_sb_noss?url=search-alias%3Daps&field-keywords=720918091197	https://www.amazon.com/gp/offer-listing/B0141NR2SY/ref=olp_f_new?ie=UTF8&f_new=true		NCR5900 - NCR Paper Superior Carbonless Paper	https://images-na.ssl-images-amazon.com/images/I/31keaUSZdVL._AC_US218_.jpg	$ 23 05	Ncr Paper	https://www.amazon.com/gp/offer-listing/B0141NR2SY/ref=olp_f_new?ie=UTF8&f_new=true	3-5900-P	NCR Paper* Brand Superior Multi-Colored Carbonless Paper - 8 1/2 x 11 in 21 lb Bond  Precollated 3-Part RS Pink, Canary, White 501 per Package				16.04		28.776	35.97				https://www.thepapermillstore.com/ncr-paper-brand-superior-multi-colored-carbonless-paper-8-1-2-x-11-in-21-lb-bond-precollated-3-part-rs-pink-canary-white-501-per-package.html	https://www.thepapermillstore.com/media/catalog/product/n/c/ncr-paper-brand-superior-multi-colored-carbonless-paper-3-part-RS.jpg			00720918091197	720918091197			UPC	720918091197	0	TPMS	720918091197	11	1	23.05	nan	0	0.3501386340785888	0	0	0	0	0	0	0	0	0	0	62
70	https://www.amazon.com/s/ref=nb_sb_noss?url=search-alias%3Daps&field-keywords=720918091197	https://www.amazon.com/gp/offer-listing/B00UZO58CG/ref=olp_f_new?ie=UTF8&f_new=true		"Reverse 3-Part Paper, 8-1/2""x11"", 500SH/PK, Sold as 1 Package"	https://images-na.ssl-images-amazon.com/images/I/21AQXv9lOfL._AC_US218_.jpg	$ 31 81	Ncr Paper	https://www.amazon.com/Reverse-3-Part-Paper-500SH-Package/dp/B00UZO58CG/ref=olp_f_new?ie=UTF8&f_new=true	3-5900-P	NCR Paper* Brand Superior Multi-Colored Carbonless Paper - 8 1/2 x 11 in 21 lb Bond  Precollated 3-Part RS Pink, Canary, White 501 per Package				16.04		28.776	35.97				https://www.thepapermillstore.com/ncr-paper-brand-superior-multi-colored-carbonless-paper-8-1-2-x-11-in-21-lb-bond-precollated-3-part-rs-pink-canary-white-501-per-package.html	https://www.thepapermillstore.com/media/catalog/product/n/c/ncr-paper-brand-superior-multi-colored-carbonless-paper-3-part-RS.jpg			00720918091197	720918091197			UPC	720918091197	0	TPMS	720918091197	11	1	31.81	nan	0	0.2684788469925041	0	0	0	0	0	0	0	0	0	0	63
11	https://www.amazon.com/s/ref=nb_sb_noss?url=search-alias%3Daps&field-keywords=720918091197	https://www.amazon.com/gp/offer-listing/B00BX9N9S2/ref=olp_f_new?ie=UTF8&f_new=true		Appvion NCR Paper 3-Part Reverse Superior Carbonless Sheets (NCR5900)	https://images-na.ssl-images-amazon.com/images/I/41q2MKXhPKL._AC_US218_.jpg	$ 25 04	Appvion Inc	https://www.amazon.com/gp/offer-listing/B00BX9N9S2/ref=olp_f_new?ie=UTF8&f_new=true	3-5900-P	NCR Paper* Brand Superior Multi-Colored Carbonless Paper - 8 1/2 x 11 in 21 lb Bond  Precollated 3-Part RS Pink, Canary, White 501 per Package				16.04		28.776	35.97				https://www.thepapermillstore.com/ncr-paper-brand-superior-multi-colored-carbonless-paper-8-1-2-x-11-in-21-lb-bond-precollated-3-part-rs-pink-canary-white-501-per-package.html	https://www.thepapermillstore.com/media/catalog/product/n/c/ncr-paper-brand-superior-multi-colored-carbonless-paper-3-part-RS.jpg			00720918091197	720918091197			UPC	720918091197	0	TPMS	720918091197	11	1	25.04	nan	0	0.25311048754263915	0	0	0	0	0	0	0	0	0	0	64
12	https://www.amazon.com/s/ref=nb_sb_noss?url=search-alias%3Daps&field-keywords=720918091296	https://www.amazon.com/gp/offer-listing/B00BX9NACM/ref=olp_f_new?ie=UTF8&f_new=true		"Wholesale CASE of 10 - NCR Paper Superior 3-part Straight Carbnlss Sheets-Straight Paper, 3-Part, 92GE, 8-1/2""x11"", 500SH/PK"	https://images-na.ssl-images-amazon.com/images/I/41gGfSXmGgL._AC_US218_.jpg	$ 162 53	NCR	https://www.amazon.com/gp/offer-listing/B00BX9NACM/ref=olp_f_new?ie=UTF8&f_new=true	3-5909-P	NCR Paper* Brand Superior Multi-Colored Carbonless Paper - 8 1/2 x 11 in 21 lb Bond  Precollated 3-Part SS White, Canary, Pink 501 per Package				16.04		28.776	35.97				https://www.thepapermillstore.com/ncr-paper-brand-superior-multi-colored-carbonless-paper-8-1-2-x-11-in-21-lb-bond-precollated-3-part-ss-white-canary-pink-501-per-package.html	https://www.thepapermillstore.com/media/catalog/product/n/c/ncr-paper-brand-superior-multi-colroed-carbonless-paper-3-part-SS.jpg			00720918091296	720918091296			UPC	720918091296	0	TPMS	720918091296	12	1	162.53	nan	0	0.26119249980659065	0	0	0	0	0	0	0	0	0	0	65
48	https://www.amazon.com/s/ref=nb_sb_noss?url=search-alias%3Daps&field-keywords=720918091296	https://www.amazon.com/gp/offer-listing/B00B8XA3Y6/ref=olp_f_new?ie=UTF8&f_new=true		Appvion NCR Paper Superior 3-Part Straight Carbonless Sheets (NCR5909)	https://images-na.ssl-images-amazon.com/images/I/31H5mW1dFfL._AC_US218_.jpg	$ 24 00	Appvion Inc	https://www.amazon.com/gp/offer-listing/B00B8XA3Y6/ref=olp_f_new?ie=UTF8&f_new=true	3-5909-P	NCR Paper* Brand Superior Multi-Colored Carbonless Paper - 8 1/2 x 11 in 21 lb Bond  Precollated 3-Part SS White, Canary, Pink 501 per Package				16.04		28.776	35.97				https://www.thepapermillstore.com/ncr-paper-brand-superior-multi-colored-carbonless-paper-8-1-2-x-11-in-21-lb-bond-precollated-3-part-ss-white-canary-pink-501-per-package.html	https://www.thepapermillstore.com/media/catalog/product/n/c/ncr-paper-brand-superior-multi-colroed-carbonless-paper-3-part-SS.jpg			00720918091296	720918091296			UPC	720918091296	0	TPMS	720918091296	12	1	24.00	nan	0	0.25311048754263915	0	0	0	0	0	0	0	0	0	0	66
71	https://www.amazon.com/s/ref=nb_sb_noss?url=search-alias%3Daps&field-keywords=720918091296	https://www.amazon.com/gp/offer-listing/B00UZO5AME/ref=olp_f_new?ie=UTF8&f_new=true		"Straight Paper, 3-Part, 92GE, 8-1/2""x11"", 500SH/PK, Sold as 1 Package"	https://images-na.ssl-images-amazon.com/images/I/21wu9FHkoML._AC_US218_.jpg	$ 34 10	NCR Paper	https://www.amazon.com/gp/offer-listing/B00UZO5AME/ref=olp_f_new?ie=UTF8&f_new=true	3-5909-P	NCR Paper* Brand Superior Multi-Colored Carbonless Paper - 8 1/2 x 11 in 21 lb Bond  Precollated 3-Part SS White, Canary, Pink 501 per Package				16.04		28.776	35.97				https://www.thepapermillstore.com/ncr-paper-brand-superior-multi-colored-carbonless-paper-8-1-2-x-11-in-21-lb-bond-precollated-3-part-ss-white-canary-pink-501-per-package.html	https://www.thepapermillstore.com/media/catalog/product/n/c/ncr-paper-brand-superior-multi-colroed-carbonless-paper-3-part-SS.jpg			00720918091296	720918091296			UPC	720918091296	0	TPMS	720918091296	12	1	34.10	nan	0	0.24616978855994326	0	0	0	0	0	0	0	0	0	0	67
13	https://www.amazon.com/s/ref=nb_sb_noss?url=search-alias%3Daps&field-keywords=720918091593	https://www.amazon.com/gp/offer-listing/B00B8X6ZXO/ref=olp_f_new?ie=UTF8&f_new=true		NCR Paper Superior Carbonless Paper, 8.5 x 11-Inch, White, 500 Sheets (NCR5914)	https://images-na.ssl-images-amazon.com/images/I/51ypRcj+yiL._AC_US218_.jpg	$ 24 25	Ncr Paper	https://www.amazon.com/gp/offer-listing/B00B8X6ZXO/ref=olp_f_new?ie=UTF8&f_new=true	3-5914-P	NCR Paper* Brand Superior Multi-Colored Carbonless Paper - 8 1/2 x 11 in 20.5 lb Bond  Precollated 2-Part SS White, Canary 500 per Ream				14.36		25.976	32.47				https://www.thepapermillstore.com/ncr-paper-brand-superior-multi-colored-carbonless-paper-8-1-2-x-11-in-20-5-lb-bond-precollated-2-part-ss-white-canary-500-per-ream.html	https://www.thepapermillstore.com/media/catalog/product/n/c/ncr-paper-brand-superior-multi-colored-carbonless-paper-2-part-SS.jpg			00720918091593	720918091593			UPC	720918091593	0	TPMS	720918091593	13	1	24.25	nan	0	0.4576741641106504	0	0	0	0	0	0	0	0	0	0	68
49	https://www.amazon.com/s/ref=nb_sb_noss?url=search-alias%3Daps&field-keywords=720918091593	https://www.amazon.com/gp/offer-listing/B00BX9NAT0/ref=olp_f_new?ie=UTF8&f_new=true		"Wholesale CASE of 10 - NCR Paper 2-Part Superior Carbonless Sheets-NCR Paper, Carbonless, 92GE, 2-Part, 8-1/2""x11"", 500SH/PK"	https://images-na.ssl-images-amazon.com/images/I/41R4leWGbiL._AC_US218_.jpg	$ 165 00	NCR	https://www.amazon.com/gp/offer-listing/B00BX9NAT0/ref=olp_f_new?ie=UTF8&f_new=true	3-5914-P	NCR Paper* Brand Superior Multi-Colored Carbonless Paper - 8 1/2 x 11 in 20.5 lb Bond  Precollated 2-Part SS White, Canary 500 per Ream				14.36		25.976	32.47				https://www.thepapermillstore.com/ncr-paper-brand-superior-multi-colored-carbonless-paper-8-1-2-x-11-in-20-5-lb-bond-precollated-2-part-ss-white-canary-500-per-ream.html	https://www.thepapermillstore.com/media/catalog/product/n/c/ncr-paper-brand-superior-multi-colored-carbonless-paper-2-part-SS.jpg			00720918091593	720918091593			UPC	720918091593	0	TPMS	720918091593	13	1	165.00	nan	0	0.42641313435431916	0	0	0	0	0	0	0	0	0	0	69
7	https://www.amazon.com/s/ref=nb_sb_noss?url=search-alias%3Daps&field-keywords=645248431102	https://www.amazon.com/gp/offer-listing/B000PJ9XMC/ref=olp_f_new?ie=UTF8&f_new=true		"Arturo Grande Invitation Envelopes - Soft White - 6.13"" x 8.38"" - 120gsm - 100envelopes/box"	https://images-na.ssl-images-amazon.com/images/I/414vPof1HIL._AC_US218_.jpg	$ 151 00	Legion Paper	https://www.amazon.com/Arturo-Grande-Invitation-Envelopes-100envelopes/dp/B000PJ9XMC/ref=olp_f_new?ie=UTF8&f_new=true	3-700E-BOX	Arturo Soft White Envelopes - Arturo Large Invitation (6.13 x 8.38) 81 lb Text Felt 100 per Box				38.37		55.176	68.97				https://www.thepapermillstore.com/arturo-soft-white-envelopes-arturo-large-invitation-6-13-x-8-38-81-lb-text-felt-100-per-box.html	https://www.thepapermillstore.com/media/catalog/product/a/r/arturo-soft-white-envelopes.jpg			00645248431102	645248431102			UPC	645248431102	0	TPMS	645248431102	7	1	151.00	nan	0	0.6136050408107728	0	0	0	0	0	0	0	0	0	0	70
55	https://www.amazon.com/s/ref=nb_sb_noss?url=search-alias%3Daps&field-keywords=759598802113	https://www.amazon.com/gp/offer-listing/B00BX9TEAO/ref=olp_f_new?ie=UTF8&f_new=true		"Wholesale CASE of 20 - Wausau Exact 67lb. Vellum Bristol Paper-Exact Vellum Paper,8-1/2""x11"",67lb.,94 Bright,250SH/PK,White"	https://images-na.ssl-images-amazon.com/images/I/41Tk6ud98TL._AC_US218_.jpg	$ 184 90	Wau	https://www.amazon.com/gp/offer-listing/B00BX9TEAO/ref=olp_f_new?ie=UTF8&f_new=true	3-80211-F-P	Exact Vellum Bristol White Paper - 8 1/2 x 11 in 67 lb Bristol Vellum 250 per Package				3.83		7.976	9.97				https://www.thepapermillstore.com/exact-vellum-bristol-white-paper-8-1-2-x-11-in-67-lb-bristol-vellum-250-per-package.html	https://www.thepapermillstore.com/media/catalog/product/e/x/exact-vellum-bristol-white-paper.jpg			00759598802113	759598802113			UPC	759598802113	0	TPMS	759598802113	26	1	184.90	nan	0	0.5997380226404261	0	0	0	0	0	0	0	0	0	0	71
26	https://www.amazon.com/s/ref=nb_sb_noss?url=search-alias%3Daps&field-keywords=759598802113	https://www.amazon.com/gp/offer-listing/B006P1ER8O/ref=olp_f_new?ie=UTF8&f_new=true		"Neenah Exact Vellum Bristol, 8.5"" x 11"", 67 lb/147 gsm, White, 94 Brightness, 250 Sheets (80211)"	https://images-na.ssl-images-amazon.com/images/I/41utc1WE8NL._AC_US218_.jpg	$ 10 30	Neenah	https://www.amazon.com/gp/offer-listing/B006P1ER8O/ref=olp_f_new?ie=UTF8&f_new=true	3-80211-F-P	Exact Vellum Bristol White Paper - 8 1/2 x 11 in 67 lb Bristol Vellum 250 per Package				3.83		7.976	9.97				https://www.thepapermillstore.com/exact-vellum-bristol-white-paper-8-1-2-x-11-in-67-lb-bristol-vellum-250-per-package.html	https://www.thepapermillstore.com/media/catalog/product/e/x/exact-vellum-bristol-white-paper.jpg			00759598802113	759598802113			UPC	759598802113	0	TPMS	759598802113	26	1	10.30	nan	0	0.483212328637062	0	0	0	0	0	0	0	0	0	0	72
27	https://www.amazon.com/s/ref=nb_sb_noss?url=search-alias%3Daps&field-keywords=759598802120	https://www.amazon.com/gp/offer-listing/B006P1Z4WM/ref=olp_f_new?ie=UTF8&f_new=true		"Exact Vellum Bristol, 8.5"" x 14"", 67 lb/147 gsm, White, 94 Brightness, 250 Sheets (80212)"	https://images-na.ssl-images-amazon.com/images/I/51e1zeWFzTL._AC_US218_.jpg	$ 21 05	Neenah	https://www.amazon.com/gp/offer-listing/B006P1Z4WM/ref=olp_f_new?ie=UTF8&f_new=true	3-80212-F-P	Exact Vellum Bristol White Paper - 8 1/2 x 14 in 67 lb Bristol Vellum 250 per Package				5.19		10.376	12.97				https://www.thepapermillstore.com/exact-vellum-bristol-white-paper-8-1-2-x-14-in-67-lb-bristol-vellum-250-per-package.html	https://www.thepapermillstore.com/media/catalog/product/e/x/exact-vellum-bristol-white-paper.jpg			00759598802120	759598802120			UPC	759598802120	0	TPMS	759598802120	27	1	21.05	nan	0	0.502843195904585	0	0	0	0	0	0	0	0	0	0	73
84	https://www.amazon.com/s/ref=nb_sb_noss?url=search-alias%3Daps&field-keywords=759598802137	https://www.amazon.com/gp/offer-listing/B0765CWLT1/ref=olp_f_new?ie=UTF8&f_new=true		Exact Vellum Bristol Med-Heavyweight Paper, 67lb, 92 Bright, 11 x 17, 250 Sheets	https://images-na.ssl-images-amazon.com/images/I/411NEUaOFRL._AC_US218_.jpg	$ 16 86	Neenah	https://www.amazon.com/Vellum-Bristol-Med-Heavyweight-Bright-Sheets/dp/B0765CWLT1/ref=olp_f_new?ie=UTF8&f_new=true	3-80213-F-P	Exact Vellum Bristol White Paper - 11 x 17 in 67 lb Bristol Vellum 250 per Package				8.15		15.176	18.97				https://www.thepapermillstore.com/exact-vellum-bristol-white-paper-11-x-17-in-67-lb-bristol-vellum-250-per-package.html	https://www.thepapermillstore.com/media/catalog/product/e/x/exact-vellum-bristol-white-paper.jpg			00759598802137	759598802137			UPC	759598802137	0	TPMS	759598802137	28	1	16.86	nan	0	0.6026023921002809	0	0	0	0	0	0	0	0	0	0	74
28	https://www.amazon.com/s/ref=nb_sb_noss?url=search-alias%3Daps&field-keywords=759598802137	https://www.amazon.com/gp/offer-listing/B00OTW4PEW/ref=olp_f_new?ie=UTF8&f_new=true		Neenah Paper Exact Vellum Bristol, Copy/Print, White, 92 Bright, 67Lb, 11 X 17, 250 Shts/Pack	https://images-na.ssl-images-amazon.com/images/I/31J-T6QaxVL._AC_US218_.jpg	$ 17 67	Neenah	https://www.amazon.com/Neenah-Paper-Vellum-Bristol-Bright/dp/B00OTW4PEW/ref=olp_f_new?ie=UTF8&f_new=true	3-80213-F-P	Exact Vellum Bristol White Paper - 11 x 17 in 67 lb Bristol Vellum 250 per Package				8.15		15.176	18.97				https://www.thepapermillstore.com/exact-vellum-bristol-white-paper-11-x-17-in-67-lb-bristol-vellum-250-per-package.html	https://www.thepapermillstore.com/media/catalog/product/e/x/exact-vellum-bristol-white-paper.jpg			00759598802137	759598802137			UPC	759598802137	0	TPMS	759598802137	28	1	17.67	nan	0	0.5989405159756771	0	0	0	0	0	0	0	0	0	0	75
76	https://www.amazon.com/s/ref=nb_sb_noss?url=search-alias%3Daps&field-keywords=759598802137	https://www.amazon.com/gp/offer-listing/B00FZZ0FKK/ref=olp_f_new?ie=UTF8&f_new=true		Neenah Paper Exact Vellum Bristol, Copy/Print, White, 92 Bright, 67lb, 11 x 17, 250 Shts/Pack	https://images-na.ssl-images-amazon.com/images/I/41iPtKqq2TL._AC_US218_.jpg	$ 23 15	MOT4	https://www.amazon.com/gp/offer-listing/B00FZZ0FKK/ref=olp_f_new?ie=UTF8&f_new=true	3-80213-F-P	Exact Vellum Bristol White Paper - 11 x 17 in 67 lb Bristol Vellum 250 per Package				8.15		15.176	18.97				https://www.thepapermillstore.com/exact-vellum-bristol-white-paper-11-x-17-in-67-lb-bristol-vellum-250-per-package.html	https://www.thepapermillstore.com/media/catalog/product/e/x/exact-vellum-bristol-white-paper.jpg			00759598802137	759598802137			UPC	759598802137	0	TPMS	759598802137	28	1	23.15	nan	0	0.5989405159756771	0	0	0	0	0	0	0	0	0	0	76
56	https://www.amazon.com/s/ref=nb_sb_noss?url=search-alias%3Daps&field-keywords=759598802137	https://www.amazon.com/gp/offer-listing/B006P1Z5AI/ref=olp_f_new?ie=UTF8&f_new=true		Wausau 80213 Neenah Exact Vellum Bristol, 67 lb, 11 x 17 Inches, 250 Sheets, White, 94 Brightness	https://images-na.ssl-images-amazon.com/images/I/41M+i4IDySL._AC_US218_.jpg	$ 16 28	Neenah	https://www.amazon.com/gp/offer-listing/B006P1Z5AI/ref=olp_f_new?ie=UTF8&f_new=true	3-80213-F-P	Exact Vellum Bristol White Paper - 11 x 17 in 67 lb Bristol Vellum 250 per Package				8.15		15.176	18.97				https://www.thepapermillstore.com/exact-vellum-bristol-white-paper-11-x-17-in-67-lb-bristol-vellum-250-per-package.html	https://www.thepapermillstore.com/media/catalog/product/e/x/exact-vellum-bristol-white-paper.jpg			00759598802137	759598802137			UPC	759598802137	0	TPMS	759598802137	28	1	16.28	nan	0	0.5503828833504215	0	0	0	0	0	0	0	0	0	0	77
77	https://www.amazon.com/s/ref=nb_sb_noss?url=search-alias%3Daps&field-keywords=759598813416	https://www.amazon.com/gp/offer-listing/B00BX9TH4C/ref=olp_f_new?ie=UTF8&f_new=true		"Wholesale CASE of 15 - Wausau Exact Vellum Bristol Paper-Vellum Bristol Paper,67 lb,8-1/2""x11"",92 Bright,250/PK,GY"	https://images-na.ssl-images-amazon.com/images/I/41xtMoRQUPL._AC_US218_.jpg	$ 147 91	Wau	https://www.amazon.com/Wholesale-CASE-15-Bristol-Paper-Vellum/dp/B00BX9TH4C/ref=olp_f_new?ie=UTF8&f_new=true	3-82341-F-P	Exact Vellum Bristol Gray Paper - 8 1/2 x 11 in 67 lb Bristol Vellum 250 per Package				4.03		11.976	14.97				https://www.thepapermillstore.com/exact-vellum-bristol-gray-paper-8-1-2-x-11-in-67-lb-bristol-vellum-250-per-package.html	https://www.thepapermillstore.com/media/catalog/product/e/x/exact-vellum-bristol-gray-paper.jpg			00759598813416	759598813416			UPC	759598813416	0	TPMS	759598813416	29	1	147.91	nan	0	0.5733818042418488	0	0	0	0	0	0	0	0	0	0	78
29	https://www.amazon.com/s/ref=nb_sb_noss?url=search-alias%3Daps&field-keywords=759598813416	https://www.amazon.com/gp/offer-listing/B000J09UR0/ref=olp_f_new?ie=UTF8&f_new=true		Wausau Paper Vellum Bristol Cover Stock, 250-Sheets, Gray, 8.5 x 11-Inch (82341)	https://images-na.ssl-images-amazon.com/images/I/41TwLKe40UL._AC_US218_.jpg		Neenah	https://www.amazon.com/Wausau-Bristol-250-Sheets-11-Inch-82341/dp/B000J09UR0/ref=olp_f_new?ie=UTF8&f_new=true	3-82341-F-P	Exact Vellum Bristol Gray Paper - 8 1/2 x 11 in 67 lb Bristol Vellum 250 per Package				4.03		11.976	14.97				https://www.thepapermillstore.com/exact-vellum-bristol-gray-paper-8-1-2-x-11-in-67-lb-bristol-vellum-250-per-package.html	https://www.thepapermillstore.com/media/catalog/product/e/x/exact-vellum-bristol-gray-paper.jpg			00759598813416	759598813416			UPC	759598813416	0	TPMS	759598813416	29	1	nan	nan	0	0.42097152981861563	0	0	0	0	0	0	0	0	0	0	79
57	https://www.amazon.com/s/ref=nb_sb_noss?url=search-alias%3Daps&field-keywords=759598813416	https://www.amazon.com/gp/offer-listing/B002U3G2SE/ref=olp_f_new?ie=UTF8&f_new=true		WAU82341 - Neenah Paper Exact Vellum Bristol Cover Stock	https://images-na.ssl-images-amazon.com/images/I/41st5bNbM0L._AC_US218_.jpg	$ 16 70	Wausau	https://www.amazon.com/gp/offer-listing/B002U3G2SE/ref=olp_f_new?ie=UTF8&f_new=true	3-82341-F-P	Exact Vellum Bristol Gray Paper - 8 1/2 x 11 in 67 lb Bristol Vellum 250 per Package				4.03		11.976	14.97				https://www.thepapermillstore.com/exact-vellum-bristol-gray-paper-8-1-2-x-11-in-67-lb-bristol-vellum-250-per-package.html	https://www.thepapermillstore.com/media/catalog/product/e/x/exact-vellum-bristol-gray-paper.jpg			00759598813416	759598813416			UPC	759598813416	0	TPMS	759598813416	29	1	16.70	nan	0	0.31884954143308364	0	0	0	0	0	0	0	0	0	0	80
85	https://www.amazon.com/s/ref=nb_sb_noss?url=search-alias%3Daps&field-keywords=759598813416	https://www.amazon.com/gp/offer-listing/B00BT2L65G/ref=olp_f_new?ie=UTF8&f_new=true		Wau82341Us Paper 250 Velbrstl 67# Gy	https://images-na.ssl-images-amazon.com/images/I/41daoW-HuJL._AC_US218_.jpg	$ 13 39	Wausau	https://www.amazon.com/gp/offer-listing/B00BT2L65G/ref=olp_f_new?ie=UTF8&f_new=true	3-82341-F-P	Exact Vellum Bristol Gray Paper - 8 1/2 x 11 in 67 lb Bristol Vellum 250 per Package				4.03		11.976	14.97				https://www.thepapermillstore.com/exact-vellum-bristol-gray-paper-8-1-2-x-11-in-67-lb-bristol-vellum-250-per-package.html	https://www.thepapermillstore.com/media/catalog/product/e/x/exact-vellum-bristol-gray-paper.jpg			00759598813416	759598813416			UPC	759598813416	0	TPMS	759598813416	29	1	13.39	nan	0	0.16602259880482964	0	0	0	0	0	0	0	0	0	0	81
58	https://www.amazon.com/s/ref=nb_sb_noss?url=search-alias%3Daps&field-keywords=759598813614	https://www.amazon.com/gp/offer-listing/B00BX9TII2/ref=olp_f_new?ie=UTF8&f_new=true		"Wholesale CASE of 15 - Wausau Exact Vellum Bristol Paper-Vellum Bristol Paper,67 lb,8-12""x11"",92 Bright,250/PK,IY"	https://images-na.ssl-images-amazon.com/images/I/41JROKrM0xL._AC_US218_.jpg	$ 166 99	Wau	https://www.amazon.com/gp/offer-listing/B00BX9TII2/ref=olp_f_new?ie=UTF8&f_new=true	3-82361-F-P	Exact Vellum Bristol Ivory Paper - 8 1/2 x 11 in 67 lb Bristol Vellum 250 per Package				3.83		11.976	14.97				https://www.thepapermillstore.com/exact-vellum-bristol-ivory-paper-8-1-2-x-11-in-67-lb-bristol-vellum-250-per-package.html	https://www.thepapermillstore.com/media/catalog/product/e/x/exact-vellum-bristol-ivory-paper.jpg			00759598813614	759598813614			UPC	759598813614	0	TPMS	759598813614	30	1	166.99	nan	0	0.4866267136240715	0	0	0	0	0	0	0	0	0	0	82
30	https://www.amazon.com/s/ref=nb_sb_noss?url=search-alias%3Daps&field-keywords=759598813614	https://www.amazon.com/gp/offer-listing/B00BT2L7ZK/ref=olp_f_new?ie=UTF8&f_new=true		Wau82361Us Paper 250 Velbrstl 67# Iy	https://images-na.ssl-images-amazon.com/images/I/41th-9B-2UL._AC_US218_.jpg	$ 19 39		https://www.amazon.com/gp/offer-listing/B00BT2L7ZK/ref=olp_f_new?ie=UTF8&f_new=true	3-82361-F-P	Exact Vellum Bristol Ivory Paper - 8 1/2 x 11 in 67 lb Bristol Vellum 250 per Package				3.83		11.976	14.97				https://www.thepapermillstore.com/exact-vellum-bristol-ivory-paper-8-1-2-x-11-in-67-lb-bristol-vellum-250-per-package.html	https://www.thepapermillstore.com/media/catalog/product/e/x/exact-vellum-bristol-ivory-paper.jpg			00759598813614	759598813614			UPC	759598813614	0	TPMS	759598813614	30	1	19.39	nan	0	0.16602259880482964	0	0	0	0	0	0	0	0	0	0	83
39	https://www.amazon.com/s/ref=nb_sb_noss?url=search-alias%3Daps&field-keywords=843855042814	https://www.amazon.com/gp/offer-listing/B004XG65QA/ref=olp_f_new?ie=UTF8&f_new=true		Mohawk Skytone Vellum Parchment Paper, 60 text 8.5 x 11 Inches, 500 Sheets/Ream - Sold as 1 Ream, Natural Shade (96600600)	https://images-na.ssl-images-amazon.com/images/I/31DwcjUCwtL._AC_US218_.jpg	$ 32 34	Mohawk Home	https://www.amazon.com/gp/offer-listing/B004XG65QA/ref=olp_f_new?ie=UTF8&f_new=true	3-96600600-F-P	Skytone Natural Paper - 8 1/2 x 11 in 60 lb Text Vellum  30% Recycled 500 per Ream				9.98		20.776	25.97				https://www.thepapermillstore.com/skytone-natural-paper-8-1-2-x-11-in-60-lb-text-vellum-30-recycled-500-per-ream.html	https://www.thepapermillstore.com/media/catalog/product/s/k/skytone-natural-card-stock-vellum.jpg			00843855042814	843855042814			UPC	843855042814	0	TPMS	843855042814	39	1	32.34	nan	0	0.5250591409407596	0	0	0	0	0	0	0	0	0	0	84
0	https://www.amazon.com/s/ref=nb_sb_noss?url=search-alias%3Daps&field-keywords=020674241318	https://www.amazon.com/gp/offer-listing/B003M0IZF2/ref=olp_f_new?ie=UTF8&f_new=true		NEEB742 - Neenah Paper CAPITOL BOND Bond Paper	https://images-na.ssl-images-amazon.com/images/I/4172TYQJskL._AC_US218_.jpg		Neenah	https://www.amazon.com/NEEB742-Neenah-Paper-CAPITOL-BOND/dp/B003M0IZF2/ref=olp_f_new?ie=UTF8&f_new=true	3-B742-P	Capitol Bond White Paper - 8 1/2 x 11 in 24 lb Writing Light Cockle  25% Cotton Watermarked 500 per Ream				10.74		23.176	28.97				https://www.thepapermillstore.com/capitol-bond-white-paper-8-1-2-x-11-in-24-lb-writing-light-cockle-25-cotton-watermarked-500-per-ream.html	https://www.thepapermillstore.com/media/catalog/product/c/a/capitol-bond-white-paper-light-cockle.jpg			00020674241318	020674241318			UPC	020674241318	0	TPMS	020674241318	0	1	nan	nan	0	0.2361851450378704	0	0	0	0	0	0	0	0	0	0	85
44	https://www.amazon.com/s/ref=nb_sb_noss?url=search-alias%3Daps&field-keywords=083514895218	https://www.amazon.com/gp/offer-listing/B0765D7GJJ/ref=olp_f_new?ie=UTF8&f_new=true		25% Cotton Linen Business Paper, 32lb, 8 1/2 x 11, White, 250 Sheets	https://images-na.ssl-images-amazon.com/images/I/415tJcPKMRL._AC_US218_.jpg	$ 21 48	Southworth	https://www.amazon.com/gp/offer-listing/B0765D7GJJ/ref=olp_f_new?ie=UTF8&f_new=true	3-J558C-F-P	Southworth Business Linen 25% Cotton White Paper - 8 1/2 x 11 in 32 lb Bond Linen  30% Recycled  25% Cotton Watermarked 250 per Package				15.02		26.376	32.97				https://www.thepapermillstore.com/southworth-business-linen-25-cotton-white-paper-8-1-2-x-11-in-32-lb-bond-linen-30-recycled-25-cotton-watermarked-250-per-package.html	https://www.thepapermillstore.com/media/catalog/product/s/o/southworth-business-linen-25-cotton-white-32-lb-paper-250.jpg			00083514895218	083514895218			UPC	083514895218	0	TPMS	083514895218	2	1	21.48	nan	0	0.7204604809083011	0	0	0	0	0	0	0	0	0	0	86
67	https://www.amazon.com/s/ref=nb_sb_noss?url=search-alias%3Daps&field-keywords=083514895218	https://www.amazon.com/gp/offer-listing/B00BX9QHBI/ref=olp_f_new?ie=UTF8&f_new=true		"Wholesale CASE of 10 - Southworth 25% Cotton 32lb Linen Business Paper-Fine Linen Paper, 32 lb, 8-1/2""x11"", 250/BX, White"	https://images-na.ssl-images-amazon.com/images/I/41lcok5SvkL._AC_US218_.jpg	$ 35 74	sou	https://www.amazon.com/Wholesale-CASE-10-Southworth-Paper-Fine/dp/B00BX9QHBI/ref=olp_f_new?ie=UTF8&f_new=true	3-J558C-F-P	Southworth Business Linen 25% Cotton White Paper - 8 1/2 x 11 in 32 lb Bond Linen  30% Recycled  25% Cotton Watermarked 250 per Package				15.02		26.376	32.97				https://www.thepapermillstore.com/southworth-business-linen-25-cotton-white-paper-8-1-2-x-11-in-32-lb-bond-linen-30-recycled-25-cotton-watermarked-250-per-package.html	https://www.thepapermillstore.com/media/catalog/product/s/o/southworth-business-linen-25-cotton-white-32-lb-paper-250.jpg			00083514895218	083514895218			UPC	083514895218	0	TPMS	083514895218	2	1	35.74	nan	0	0.5779384805095111	0	0	0	0	0	0	0	0	0	0	87
2	https://www.amazon.com/s/ref=nb_sb_noss?url=search-alias%3Daps&field-keywords=083514895218	https://www.amazon.com/gp/offer-listing/B001B0E6P8/ref=olp_f_new?ie=UTF8&f_new=true		Southworth 25% Cotton Business Paper, 8.5 x 11, 32 lb, Linen Finish, White, 250 Sheets (J558C)	https://images-na.ssl-images-amazon.com/images/I/41MATDNGGyL._AC_US218_.jpg	$ 21 48	Southworth	https://www.amazon.com/gp/offer-listing/B001B0E6P8/ref=olp_f_new?ie=UTF8&f_new=true	3-J558C-F-P	Southworth Business Linen 25% Cotton White Paper - 8 1/2 x 11 in 32 lb Bond Linen  30% Recycled  25% Cotton Watermarked 250 per Package				15.02		26.376	32.97				https://www.thepapermillstore.com/southworth-business-linen-25-cotton-white-paper-8-1-2-x-11-in-32-lb-bond-linen-30-recycled-25-cotton-watermarked-250-per-package.html	https://www.thepapermillstore.com/media/catalog/product/s/o/southworth-business-linen-25-cotton-white-32-lb-paper-250.jpg			00083514895218	083514895218			UPC	083514895218	0	TPMS	083514895218	2	1	21.48	nan	0	0.558877303568601	0	0	0	0	0	0	0	0	0	0	88
89	https://www.amazon.com/s/ref=nb_sb_noss?url=search-alias%3Daps&field-keywords=083514895218	https://www.amazon.com/gp/offer-listing/B004E2MR10/ref=olp_f_new?ie=UTF8&f_new=true		Southworth Products - Southworth - 25% Cotton Fine Linen Paper, 32 lbs., 8-1/2 x 11, White, 250/Box - Sold As 1 Box - Adds a rich look and feel to everyday business and legal documents, letterheads, reports, presentations and more. - Adds a subtle elegance to documents. - Features the rich, distinctive look of natural linen. - Acid- and lignin-free. -	https://images-na.ssl-images-amazon.com/images/I/41nCvF7pqNL._AC_US218_.jpg	$ 60 04	Southworth Products	https://www.amazon.com/Southworth-Products-letterheads-presentations-lignin-free/dp/B004E2MR10/ref=olp_f_new?ie=UTF8&f_new=true	3-J558C-F-P	Southworth Business Linen 25% Cotton White Paper - 8 1/2 x 11 in 32 lb Bond Linen  30% Recycled  25% Cotton Watermarked 250 per Package				15.02		26.376	32.97				https://www.thepapermillstore.com/southworth-business-linen-25-cotton-white-paper-8-1-2-x-11-in-32-lb-bond-linen-30-recycled-25-cotton-watermarked-250-per-package.html	https://www.thepapermillstore.com/media/catalog/product/s/o/southworth-business-linen-25-cotton-white-32-lb-paper-250.jpg			00083514895218	083514895218			UPC	083514895218	0	TPMS	083514895218	2	1	60.04	nan	0	0.38361112419515553	0	0	0	0	0	0	0	0	0	0	89
83	https://www.amazon.com/s/ref=nb_sb_noss?url=search-alias%3Daps&field-keywords=083514895218	https://www.amazon.com/gp/offer-listing/B0030BWO7S/ref=olp_f_new?ie=UTF8&f_new=true		Southworth : Credentials Collection Fine Linen Paper, White, Letter, 250 Sheets per Box -:- Sold as 2 Packs of - 250 - / - Total of 500 Each	https://images-na.ssl-images-amazon.com/images/I/41bPnU-TtwL._AC_US218_.jpg	$ 258 92	Southworth	https://www.amazon.com/Southworth-Credentials-Collection-Letter-Sheets/dp/B0030BWO7S/ref=olp_f_new?ie=UTF8&f_new=true	3-J558C-F-P	Southworth Business Linen 25% Cotton White Paper - 8 1/2 x 11 in 32 lb Bond Linen  30% Recycled  25% Cotton Watermarked 250 per Package				15.02		26.376	32.97				https://www.thepapermillstore.com/southworth-business-linen-25-cotton-white-paper-8-1-2-x-11-in-32-lb-bond-linen-30-recycled-25-cotton-watermarked-250-per-package.html	https://www.thepapermillstore.com/media/catalog/product/s/o/southworth-business-linen-25-cotton-white-32-lb-paper-250.jpg			00083514895218	083514895218			UPC	083514895218	0	TPMS	083514895218	2	1	258.92	nan	0	0.21421277327358426	0	0	0	0	0	0	0	0	0	0	90
8	https://www.amazon.com/s/ref=nb_sb_noss?url=search-alias%3Daps&field-keywords=708081096546	https://www.amazon.com/gp/offer-listing/B007TVGDH2/ref=olp_f_new?ie=UTF8&f_new=true		Kant Kopy Security Paper 250 Pack	https://images-na.ssl-images-amazon.com/images/I/51sjkUHDrdL._AC_US218_.jpg	$ 26 95	Kant Kopy	https://www.amazon.com/Kant-Kopy-Security-Paper-Pack/dp/B007TVGDH2/ref=olp_f_new?ie=UTF8&f_new=true	3-KK12A1VBL-P	Security Sheets - Kant Kopy Void Security Sheets 60 lb Offset Uncoated Blue 8.5 x 11 Sheets 250 per Package				2.39		18.376	22.97				https://www.thepapermillstore.com/security-sheets-kant-kopy-void-security-sheets-60-lb-offset-uncoated-blue-8-5-x-11-sheets-250-per-package.html	https://www.thepapermillstore.com/media/catalog/product/b/l/blanks-usa-kant-copy-void-security-sheets-blue-paper-85x11.jpg			00708081096546	708081096546			UPC	708081096546	0	TPMS	708081096546	8	1	26.95	nan	0	0.2600224207102687	0	0	0	0	0	0	0	0	0	0	91
34	https://www.amazon.com/s/ref=nb_sb_noss?url=search-alias%3Daps&field-keywords=808604245922	https://www.amazon.com/gp/offer-listing/B004IWRYD2/ref=olp_f_new?ie=UTF8&f_new=true		Mohawk BriteHue Envelopes, 10 Commercial Flap Vellum Finish 24lb/60 text (89 gsm), 4-1/8 x 9-1/2 Inch, 500 Envelopes/Box - Sold as 1 Box, Sun Yellow (M70181)	https://images-na.ssl-images-amazon.com/images/I/41G3RNXUHtL._AC_US218_.jpg	$ 49 00	Mohawk Home	https://www.amazon.com/Mohawk-BriteHue-Envelopes-Commercial-Vellum/dp/B004IWRYD2/ref=olp_f_new?ie=UTF8&f_new=true	3-M70181-BOX	BriteHue Sun Yellow Envelopes - No. 10 Commercial (4 1/8 x 9 1/2) 60 lb Text Semi-Vellum  30% Recycled 500 per Box				15.71		31.976	39.97				https://www.thepapermillstore.com/britehue-sun-yellow-envelopes-no-10-commercial-4-1-8-x-9-1-2-60-lb-text-semi-vellum-30-recycled-500-per-box.html	https://www.thepapermillstore.com/media/catalog/product/b/r/britehue-sun-yellow-10-envelopes-semi-vellum.jpg			00808604245922	808604245922			UPC	808604245922	0	TPMS	808604245922	34	1	49.00	nan	0	0.6828659220135659	0	0	0	0	0	0	0	0	0	0	92
32	https://www.amazon.com/s/ref=nb_sb_noss?url=search-alias%3Daps&field-keywords=808604245366	https://www.amazon.com/gp/offer-listing/B004IWRY3M/ref=olp_f_new?ie=UTF8&f_new=true		Mohawk BriteHue Envelopes, #10 Commercial Flap Vellum Finish 24lb / 60 text (89 gsm), 4-1/8 x 9-1/2 Inch, 500 Envelopes/Box, Sold as 1 Box, Blue (M99808)	https://images-na.ssl-images-amazon.com/images/I/410U-MuTECL._AC_US218_.jpg	$ 47 00	Mohawk Home	https://www.amazon.com/gp/offer-listing/B004IWRY3M/ref=olp_f_new?ie=UTF8&f_new=true	3-M99808-BOX	BriteHue Blue Envelopes - No. 10 Commercial (4 1/8 x 9 1/2) 60 lb Text Semi-Vellum  30% Recycled 500 per Box				15.71		31.976	39.97				https://www.thepapermillstore.com/britehue-blue-envelopes-no-10-commercial-4-1-8-x-9-1-2-60-lb-text-semi-vellum-30-recycled-500-per-box.html	https://www.thepapermillstore.com/media/catalog/product/b/r/britehue-blue-10-envelopes-semi-vellum.jpg			00808604245366	808604245366			UPC	808604245366	0	TPMS	808604245366	32	1	47.00	nan	0	0.6748877799235613	0	0	0	0	0	0	0	0	0	0	93
33	https://www.amazon.com/s/ref=nb_sb_noss?url=search-alias%3Daps&field-keywords=808604245762	https://www.amazon.com/gp/offer-listing/B004KNYDEM/ref=olp_f_new?ie=UTF8&f_new=true		Mohawk BriteHue Envelopes, #10 Commercial Flap, 4-1/8 x 9-1/2 Inch, Red Vellum Finish 24lb / 60 text (89 gsm) 500 Envelopes/Box - Sold as 1 Box (M99865)	https://images-na.ssl-images-amazon.com/images/I/41blRKCZ1HL._AC_US218_.jpg	$ 47 16	Mohawk Home	https://www.amazon.com/gp/offer-listing/B004KNYDEM/ref=olp_f_new?ie=UTF8&f_new=true	3-M99865-BOX	BriteHue Red Envelopes - No. 10 Commercial (4 1/8 x 9 1/2) 60 lb Text Semi-Vellum  30% Recycled 500 per Box				15.71		31.976	39.97				https://www.thepapermillstore.com/britehue-red-envelopes-no-10-commercial-4-1-8-x-9-1-2-60-lb-text-semi-vellum-30-recycled-500-per-box.html	https://www.thepapermillstore.com/media/catalog/product/b/r/britehue-red-10-envelopes-semi-vellum.jpg			00808604245762	808604245762			UPC	808604245762	0	TPMS	808604245762	33	1	47.16	nan	0	0.6748877799235613	0	0	0	0	0	0	0	0	0	0	94
